file,line,column,type,code,message,docs,severity,link
admin/class-ratuls-act-admin.php,287,57,ERROR,WordPress.WP.I18n.TextDomainMismatch,"Mismatched text domain. Expected 'servertrack' but got 'ratuls-act'.",https://developer.wordpress.org/plugins/internationalization/how-to-internationalize-your-plugin/,5,https://playground.wordpress.net/scope:loyal-abandoned-village/wp-admin/plugin-editor.php?plugin=servertrack%2Fratuls-act.php&file=servertrack%2Fadmin%2Fclass-ratuls-act-admin.php&line=287
admin/class-ratuls-act-admin.php,313,48,ERROR,WordPress.WP.I18n.TextDomainMismatch,"Mismatched text domain. Expected 'servertrack' but got 'ratuls-act'.",https://developer.wordpress.org/plugins/internationalization/how-to-internationalize-your-plugin/,5,https://playground.wordpress.net/scope:loyal-abandoned-village/wp-admin/plugin-editor.php?plugin=servertrack%2Fratuls-act.php&file=servertrack%2Fadmin%2Fclass-ratuls-act-admin.php&line=313
admin/class-ratuls-act-admin.php,341,134,ERROR,WordPress.Security.EscapeOutput.OutputNotEscaped,"All output should be run through an escaping function (see the Security sections in the WordPress Developer Handbooks), found '__'.",https://developer.wordpress.org/apis/security/escaping/#escaping-functions,5,https://playground.wordpress.net/scope:loyal-abandoned-village/wp-admin/plugin-editor.php?plugin=servertrack%2Fratuls-act.php&file=servertrack%2Fadmin%2Fclass-ratuls-act-admin.php&line=341
admin/class-ratuls-act-admin.php,341,177,ERROR,WordPress.WP.I18n.TextDomainMismatch,"Mismatched text domain. Expected 'servertrack' but got 'ratuls-act'.",https://developer.wordpress.org/plugins/internationalization/how-to-internationalize-your-plugin/,5,https://playground.wordpress.net/scope:loyal-abandoned-village/wp-admin/plugin-editor.php?plugin=servertrack%2Fratuls-act.php&file=servertrack%2Fadmin%2Fclass-ratuls-act-admin.php&line=341
admin/class-ratuls-act-admin.php,343,134,ERROR,WordPress.Security.EscapeOutput.OutputNotEscaped,"All output should be run through an escaping function (see the Security sections in the WordPress Developer Handbooks), found '__'.",https://developer.wordpress.org/apis/security/escaping/#escaping-functions,5,https://playground.wordpress.net/scope:loyal-abandoned-village/wp-admin/plugin-editor.php?plugin=servertrack%2Fratuls-act.php&file=servertrack%2Fadmin%2Fclass-ratuls-act-admin.php&line=343
admin/class-ratuls-act-admin.php,343,178,ERROR,WordPress.WP.I18n.TextDomainMismatch,"Mismatched text domain. Expected 'servertrack' but got 'ratuls-act'.",https://developer.wordpress.org/plugins/internationalization/how-to-internationalize-your-plugin/,5,https://playground.wordpress.net/scope:loyal-abandoned-village/wp-admin/plugin-editor.php?plugin=servertrack%2Fratuls-act.php&file=servertrack%2Fadmin%2Fclass-ratuls-act-admin.php&line=343
admin/class-ratuls-act-admin.php,344,142,ERROR,WordPress.Security.EscapeOutput.OutputNotEscaped,"All output should be run through an escaping function (see the Security sections in the WordPress Developer Handbooks), found '__'.",https://developer.wordpress.org/apis/security/escaping/#escaping-functions,5,https://playground.wordpress.net/scope:loyal-abandoned-village/wp-admin/plugin-editor.php?plugin=servertrack%2Fratuls-act.php&file=servertrack%2Fadmin%2Fclass-ratuls-act-admin.php&line=344
admin/class-ratuls-act-admin.php,344,176,ERROR,WordPress.WP.I18n.TextDomainMismatch,"Mismatched text domain. Expected 'servertrack' but got 'ratuls-act'.",https://developer.wordpress.org/plugins/internationalization/how-to-internationalize-your-plugin/,5,https://playground.wordpress.net/scope:loyal-abandoned-village/wp-admin/plugin-editor.php?plugin=servertrack%2Fratuls-act.php&file=servertrack%2Fadmin%2Fclass-ratuls-act-admin.php&line=344
admin/class-ratuls-act-admin.php,346,26,ERROR,WordPress.Security.EscapeOutput.OutputNotEscaped,"All output should be run through an escaping function (see the Security sections in the WordPress Developer Handbooks), found '__'.",https://developer.wordpress.org/apis/security/escaping/#escaping-functions,5,https://playground.wordpress.net/scope:loyal-abandoned-village/wp-admin/plugin-editor.php?plugin=servertrack%2Fratuls-act.php&file=servertrack%2Fadmin%2Fclass-ratuls-act-admin.php&line=346
admin/class-ratuls-act-admin.php,346,126,ERROR,WordPress.WP.I18n.TextDomainMismatch,"Mismatched text domain. Expected 'servertrack' but got 'ratuls-act'.",https://developer.wordpress.org/plugins/internationalization/how-to-internationalize-your-plugin/,5,https://playground.wordpress.net/scope:loyal-abandoned-village/wp-admin/plugin-editor.php?plugin=servertrack%2Fratuls-act.php&file=servertrack%2Fadmin%2Fclass-ratuls-act-admin.php&line=346
admin/class-ratuls-act-admin.php,348,126,ERROR,WordPress.Security.EscapeOutput.OutputNotEscaped,"All output should be run through an escaping function (see the Security sections in the WordPress Developer Handbooks), found '__'.",https://developer.wordpress.org/apis/security/escaping/#escaping-functions,5,https://playground.wordpress.net/scope:loyal-abandoned-village/wp-admin/plugin-editor.php?plugin=servertrack%2Fratuls-act.php&file=servertrack%2Fadmin%2Fclass-ratuls-act-admin.php&line=348
admin/class-ratuls-act-admin.php,348,153,ERROR,WordPress.WP.I18n.TextDomainMismatch,"Mismatched text domain. Expected 'servertrack' but got 'ratuls-act'.",https://developer.wordpress.org/plugins/internationalization/how-to-internationalize-your-plugin/,5,https://playground.wordpress.net/scope:loyal-abandoned-village/wp-admin/plugin-editor.php?plugin=servertrack%2Fratuls-act.php&file=servertrack%2Fadmin%2Fclass-ratuls-act-admin.php&line=348
admin/class-ratuls-act-admin.php,349,154,ERROR,WordPress.Security.EscapeOutput.OutputNotEscaped,"All output should be run through an escaping function (see the Security sections in the WordPress Developer Handbooks), found '__'.",https://developer.wordpress.org/apis/security/escaping/#escaping-functions,5,https://playground.wordpress.net/scope:loyal-abandoned-village/wp-admin/plugin-editor.php?plugin=servertrack%2Fratuls-act.php&file=servertrack%2Fadmin%2Fclass-ratuls-act-admin.php&line=349
admin/class-ratuls-act-admin.php,349,175,ERROR,WordPress.WP.I18n.TextDomainMismatch,"Mismatched text domain. Expected 'servertrack' but got 'ratuls-act'.",https://developer.wordpress.org/plugins/internationalization/how-to-internationalize-your-plugin/,5,https://playground.wordpress.net/scope:loyal-abandoned-village/wp-admin/plugin-editor.php?plugin=servertrack%2Fratuls-act.php&file=servertrack%2Fadmin%2Fclass-ratuls-act-admin.php&line=349
admin/class-ratuls-act-admin.php,362,72,ERROR,WordPress.WP.I18n.TextDomainMismatch,"Mismatched text domain. Expected 'servertrack' but got 'ratuls-act'.",https://developer.wordpress.org/plugins/internationalization/how-to-internationalize-your-plugin/,5,https://playground.wordpress.net/scope:loyal-abandoned-village/wp-admin/plugin-editor.php?plugin=servertrack%2Fratuls-act.php&file=servertrack%2Fadmin%2Fclass-ratuls-act-admin.php&line=362
admin/class-ratuls-act-admin.php,366,68,ERROR,WordPress.WP.I18n.TextDomainMismatch,"Mismatched text domain. Expected 'servertrack' but got 'ratuls-act'.",https://developer.wordpress.org/plugins/internationalization/how-to-internationalize-your-plugin/,5,https://playground.wordpress.net/scope:loyal-abandoned-village/wp-admin/plugin-editor.php?plugin=servertrack%2Fratuls-act.php&file=servertrack%2Fadmin%2Fclass-ratuls-act-admin.php&line=366
admin/class-ratuls-act-admin.php,392,190,ERROR,WordPress.WP.I18n.TextDomainMismatch,"Mismatched text domain. Expected 'servertrack' but got 'ratuls-act'.",https://developer.wordpress.org/plugins/internationalization/how-to-internationalize-your-plugin/,5,https://playground.wordpress.net/scope:loyal-abandoned-village/wp-admin/plugin-editor.php?plugin=servertrack%2Fratuls-act.php&file=servertrack%2Fadmin%2Fclass-ratuls-act-admin.php&line=392
admin/class-ratuls-act-admin.php,394,197,ERROR,WordPress.WP.I18n.TextDomainMismatch,"Mismatched text domain. Expected 'servertrack' but got 'ratuls-act'.",https://developer.wordpress.org/plugins/internationalization/how-to-internationalize-your-plugin/,5,https://playground.wordpress.net/scope:loyal-abandoned-village/wp-admin/plugin-editor.php?plugin=servertrack%2Fratuls-act.php&file=servertrack%2Fadmin%2Fclass-ratuls-act-admin.php&line=394
admin/class-ratuls-act-admin.php,400,188,ERROR,WordPress.WP.I18n.TextDomainMismatch,"Mismatched text domain. Expected 'servertrack' but got 'ratuls-act'.",https://developer.wordpress.org/plugins/internationalization/how-to-internationalize-your-plugin/,5,https://playground.wordpress.net/scope:loyal-abandoned-village/wp-admin/plugin-editor.php?plugin=servertrack%2Fratuls-act.php&file=servertrack%2Fadmin%2Fclass-ratuls-act-admin.php&line=400
admin/class-ratuls-act-admin.php,401,162,ERROR,WordPress.WP.I18n.TextDomainMismatch,"Mismatched text domain. Expected 'servertrack' but got 'ratuls-act'.",https://developer.wordpress.org/plugins/internationalization/how-to-internationalize-your-plugin/,5,https://playground.wordpress.net/scope:loyal-abandoned-village/wp-admin/plugin-editor.php?plugin=servertrack%2Fratuls-act.php&file=servertrack%2Fadmin%2Fclass-ratuls-act-admin.php&line=401
admin/class-ratuls-act-admin.php,427,100,ERROR,WordPress.WP.I18n.TextDomainMismatch,"Mismatched text domain. Expected 'servertrack' but got 'ratuls-act'.",https://developer.wordpress.org/plugins/internationalization/how-to-internationalize-your-plugin/,5,https://playground.wordpress.net/scope:loyal-abandoned-village/wp-admin/plugin-editor.php?plugin=servertrack%2Fratuls-act.php&file=servertrack%2Fadmin%2Fclass-ratuls-act-admin.php&line=427
admin/class-ratuls-act-admin.php,435,21,WARNING,WordPress.Security.NonceVerification.Recommended,"Processing form data without nonce verification.",,5,https://playground.wordpress.net/scope:loyal-abandoned-village/wp-admin/plugin-editor.php?plugin=servertrack%2Fratuls-act.php&file=servertrack%2Fadmin%2Fclass-ratuls-act-admin.php&line=435
admin/class-ratuls-act-admin.php,435,59,WARNING,WordPress.Security.NonceVerification.Recommended,"Processing form data without nonce verification.",,5,https://playground.wordpress.net/scope:loyal-abandoned-village/wp-admin/plugin-editor.php?plugin=servertrack%2Fratuls-act.php&file=servertrack%2Fadmin%2Fclass-ratuls-act-admin.php&line=435
admin/class-ratuls-act-admin.php,436,22,WARNING,WordPress.Security.NonceVerification.Recommended,"Processing form data without nonce verification.",,5,https://playground.wordpress.net/scope:loyal-abandoned-village/wp-admin/plugin-editor.php?plugin=servertrack%2Fratuls-act.php&file=servertrack%2Fadmin%2Fclass-ratuls-act-admin.php&line=436
admin/class-ratuls-act-admin.php,437,56,WARNING,WordPress.Security.NonceVerification.Recommended,"Processing form data without nonce verification.",,5,https://playground.wordpress.net/scope:loyal-abandoned-village/wp-admin/plugin-editor.php?plugin=servertrack%2Fratuls-act.php&file=servertrack%2Fadmin%2Fclass-ratuls-act-admin.php&line=437
admin/class-ratuls-act-admin.php,437,56,WARNING,WordPress.Security.ValidatedSanitizedInput.MissingUnslash,"$_GET[&#039;st_manual_msg&#039;] not unslashed before sanitization. Use wp_unslash() or similar",,5,https://playground.wordpress.net/scope:loyal-abandoned-village/wp-admin/plugin-editor.php?plugin=servertrack%2Fratuls-act.php&file=servertrack%2Fadmin%2Fclass-ratuls-act-admin.php&line=437
admin/class-ratuls-act-admin.php,437,56,WARNING,WordPress.Security.ValidatedSanitizedInput.InputNotSanitized,"Detected usage of a non-sanitized input variable: $_GET[&#039;st_manual_msg&#039;]",,5,https://playground.wordpress.net/scope:loyal-abandoned-village/wp-admin/plugin-editor.php?plugin=servertrack%2Fratuls-act.php&file=servertrack%2Fadmin%2Fclass-ratuls-act-admin.php&line=437
admin/class-ratuls-act-admin.php,593,53,ERROR,WordPress.WP.I18n.TextDomainMismatch,"Mismatched text domain. Expected 'servertrack' but got 'ratuls-act'.",https://developer.wordpress.org/plugins/internationalization/how-to-internationalize-your-plugin/,5,https://playground.wordpress.net/scope:loyal-abandoned-village/wp-admin/plugin-editor.php?plugin=servertrack%2Fratuls-act.php&file=servertrack%2Fadmin%2Fclass-ratuls-act-admin.php&line=593
admin/class-ratuls-act-admin.php,596,52,ERROR,WordPress.WP.I18n.TextDomainMismatch,"Mismatched text domain. Expected 'servertrack' but got 'ratuls-act'.",https://developer.wordpress.org/plugins/internationalization/how-to-internationalize-your-plugin/,5,https://playground.wordpress.net/scope:loyal-abandoned-village/wp-admin/plugin-editor.php?plugin=servertrack%2Fratuls-act.php&file=servertrack%2Fadmin%2Fclass-ratuls-act-admin.php&line=596
admin/class-ratuls-act-admin.php,633,45,ERROR,WordPress.WP.I18n.TextDomainMismatch,"Mismatched text domain. Expected 'servertrack' but got 'ratuls-act'.",https://developer.wordpress.org/plugins/internationalization/how-to-internationalize-your-plugin/,5,https://playground.wordpress.net/scope:loyal-abandoned-village/wp-admin/plugin-editor.php?plugin=servertrack%2Fratuls-act.php&file=servertrack%2Fadmin%2Fclass-ratuls-act-admin.php&line=633
admin/class-ratuls-act-admin.php,634,47,ERROR,WordPress.WP.I18n.TextDomainMismatch,"Mismatched text domain. Expected 'servertrack' but got 'ratuls-act'.",https://developer.wordpress.org/plugins/internationalization/how-to-internationalize-your-plugin/,5,https://playground.wordpress.net/scope:loyal-abandoned-village/wp-admin/plugin-editor.php?plugin=servertrack%2Fratuls-act.php&file=servertrack%2Fadmin%2Fclass-ratuls-act-admin.php&line=634
admin/class-ratuls-act-admin.php,635,48,ERROR,WordPress.WP.I18n.TextDomainMismatch,"Mismatched text domain. Expected 'servertrack' but got 'ratuls-act'.",https://developer.wordpress.org/plugins/internationalization/how-to-internationalize-your-plugin/,5,https://playground.wordpress.net/scope:loyal-abandoned-village/wp-admin/plugin-editor.php?plugin=servertrack%2Fratuls-act.php&file=servertrack%2Fadmin%2Fclass-ratuls-act-admin.php&line=635
admin/class-ratuls-act-admin.php,636,44,ERROR,WordPress.WP.I18n.TextDomainMismatch,"Mismatched text domain. Expected 'servertrack' but got 'ratuls-act'.",https://developer.wordpress.org/plugins/internationalization/how-to-internationalize-your-plugin/,5,https://playground.wordpress.net/scope:loyal-abandoned-village/wp-admin/plugin-editor.php?plugin=servertrack%2Fratuls-act.php&file=servertrack%2Fadmin%2Fclass-ratuls-act-admin.php&line=636
admin/class-ratuls-act-admin.php,637,51,ERROR,WordPress.WP.I18n.TextDomainMismatch,"Mismatched text domain. Expected 'servertrack' but got 'ratuls-act'.",https://developer.wordpress.org/plugins/internationalization/how-to-internationalize-your-plugin/,5,https://playground.wordpress.net/scope:loyal-abandoned-village/wp-admin/plugin-editor.php?plugin=servertrack%2Fratuls-act.php&file=servertrack%2Fadmin%2Fclass-ratuls-act-admin.php&line=637
admin/class-ratuls-act-admin.php,638,45,ERROR,WordPress.WP.I18n.TextDomainMismatch,"Mismatched text domain. Expected 'servertrack' but got 'ratuls-act'.",https://developer.wordpress.org/plugins/internationalization/how-to-internationalize-your-plugin/,5,https://playground.wordpress.net/scope:loyal-abandoned-village/wp-admin/plugin-editor.php?plugin=servertrack%2Fratuls-act.php&file=servertrack%2Fadmin%2Fclass-ratuls-act-admin.php&line=638
admin/class-ratuls-act-admin.php,644,33,ERROR,WordPress.Security.EscapeOutput.OutputNotEscaped,"All output should be run through an escaping function (see the Security sections in the WordPress Developer Handbooks), found '$url'.",https://developer.wordpress.org/apis/security/escaping/#escaping-functions,5,https://playground.wordpress.net/scope:loyal-abandoned-village/wp-admin/plugin-editor.php?plugin=servertrack%2Fratuls-act.php&file=servertrack%2Fadmin%2Fclass-ratuls-act-admin.php&line=644
admin/class-ratuls-act-admin.php,665,61,ERROR,WordPress.WP.I18n.TextDomainMismatch,"Mismatched text domain. Expected 'servertrack' but got 'ratuls-act'.",https://developer.wordpress.org/plugins/internationalization/how-to-internationalize-your-plugin/,5,https://playground.wordpress.net/scope:loyal-abandoned-village/wp-admin/plugin-editor.php?plugin=servertrack%2Fratuls-act.php&file=servertrack%2Fadmin%2Fclass-ratuls-act-admin.php&line=665
admin/class-ratuls-act-dashboard.php,95,51,ERROR,WordPress.WP.I18n.TextDomainMismatch,"Mismatched text domain. Expected 'servertrack' but got 'ratuls-act'.",https://developer.wordpress.org/plugins/internationalization/how-to-internationalize-your-plugin/,5,https://playground.wordpress.net/scope:loyal-abandoned-village/wp-admin/plugin-editor.php?plugin=servertrack%2Fratuls-act.php&file=servertrack%2Fadmin%2Fclass-ratuls-act-dashboard.php&line=95
admin/class-ratuls-act-dashboard.php,96,31,ERROR,WordPress.WP.I18n.TextDomainMismatch,"Mismatched text domain. Expected 'servertrack' but got 'ratuls-act'.",https://developer.wordpress.org/plugins/internationalization/how-to-internationalize-your-plugin/,5,https://playground.wordpress.net/scope:loyal-abandoned-village/wp-admin/plugin-editor.php?plugin=servertrack%2Fratuls-act.php&file=servertrack%2Fadmin%2Fclass-ratuls-act-dashboard.php&line=96
admin/class-ratuls-act-dashboard.php,104,58,ERROR,WordPress.WP.I18n.TextDomainMismatch,"Mismatched text domain. Expected 'servertrack' but got 'ratuls-act'.",https://developer.wordpress.org/plugins/internationalization/how-to-internationalize-your-plugin/,5,https://playground.wordpress.net/scope:loyal-abandoned-village/wp-admin/plugin-editor.php?plugin=servertrack%2Fratuls-act.php&file=servertrack%2Fadmin%2Fclass-ratuls-act-dashboard.php&line=104
admin/class-ratuls-act-dashboard.php,104,91,ERROR,WordPress.WP.I18n.TextDomainMismatch,"Mismatched text domain. Expected 'servertrack' but got 'ratuls-act'.",https://developer.wordpress.org/plugins/internationalization/how-to-internationalize-your-plugin/,5,https://playground.wordpress.net/scope:loyal-abandoned-village/wp-admin/plugin-editor.php?plugin=servertrack%2Fratuls-act.php&file=servertrack%2Fadmin%2Fclass-ratuls-act-dashboard.php&line=104
admin/class-ratuls-act-dashboard.php,105,58,ERROR,WordPress.WP.I18n.TextDomainMismatch,"Mismatched text domain. Expected 'servertrack' but got 'ratuls-act'.",https://developer.wordpress.org/plugins/internationalization/how-to-internationalize-your-plugin/,5,https://playground.wordpress.net/scope:loyal-abandoned-village/wp-admin/plugin-editor.php?plugin=servertrack%2Fratuls-act.php&file=servertrack%2Fadmin%2Fclass-ratuls-act-dashboard.php&line=105
admin/class-ratuls-act-dashboard.php,105,91,ERROR,WordPress.WP.I18n.TextDomainMismatch,"Mismatched text domain. Expected 'servertrack' but got 'ratuls-act'.",https://developer.wordpress.org/plugins/internationalization/how-to-internationalize-your-plugin/,5,https://playground.wordpress.net/scope:loyal-abandoned-village/wp-admin/plugin-editor.php?plugin=servertrack%2Fratuls-act.php&file=servertrack%2Fadmin%2Fclass-ratuls-act-dashboard.php&line=105
admin/class-ratuls-act-dashboard.php,115,13,ERROR,PluginCheck.CodeAnalysis.EnqueuedResourceOffloading.OffloadedContent,"Found call to wp_enqueue_script() with external resource. Offloading scripts to your servers or any remote service is disallowed.",,5,https://playground.wordpress.net/scope:loyal-abandoned-village/wp-admin/plugin-editor.php?plugin=servertrack%2Fratuls-act.php&file=servertrack%2Fadmin%2Fclass-ratuls-act-dashboard.php&line=115
admin/class-ratuls-act-dashboard.php,195,102,ERROR,WordPress.WP.I18n.TextDomainMismatch,"Mismatched text domain. Expected 'servertrack' but got 'ratuls-act'.",https://developer.wordpress.org/plugins/internationalization/how-to-internationalize-your-plugin/,5,https://playground.wordpress.net/scope:loyal-abandoned-village/wp-admin/plugin-editor.php?plugin=servertrack%2Fratuls-act.php&file=servertrack%2Fadmin%2Fclass-ratuls-act-dashboard.php&line=195
admin/class-ratuls-act-dashboard.php,204,93,ERROR,WordPress.Security.EscapeOutput.OutputNotEscaped,"All output should be run through an escaping function (see the Security sections in the WordPress Developer Handbooks), found '$badge_label'.",https://developer.wordpress.org/apis/security/escaping/#escaping-functions,5,https://playground.wordpress.net/scope:loyal-abandoned-village/wp-admin/plugin-editor.php?plugin=servertrack%2Fratuls-act.php&file=servertrack%2Fadmin%2Fclass-ratuls-act-dashboard.php&line=204
admin/class-ratuls-act-dashboard.php,312,60,ERROR,WordPress.Security.EscapeOutput.OutputNotEscaped,"All output should be run through an escaping function (see the Security sections in the WordPress Developer Handbooks), found '$plat'.",https://developer.wordpress.org/apis/security/escaping/#escaping-functions,5,https://playground.wordpress.net/scope:loyal-abandoned-village/wp-admin/plugin-editor.php?plugin=servertrack%2Fratuls-act.php&file=servertrack%2Fadmin%2Fclass-ratuls-act-dashboard.php&line=312
admin/class-ratuls-act-dashboard.php,313,38,ERROR,WordPress.Security.EscapeOutput.OutputNotEscaped,"All output should be run through an escaping function (see the Security sections in the WordPress Developer Handbooks), found '$event'.",https://developer.wordpress.org/apis/security/escaping/#escaping-functions,5,https://playground.wordpress.net/scope:loyal-abandoned-village/wp-admin/plugin-editor.php?plugin=servertrack%2Fratuls-act.php&file=servertrack%2Fadmin%2Fclass-ratuls-act-dashboard.php&line=313
admin/class-ratuls-act-dashboard.php,314,86,ERROR,WordPress.Security.EscapeOutput.OutputNotEscaped,"All output should be run through an escaping function (see the Security sections in the WordPress Developer Handbooks), found '$tries'.",https://developer.wordpress.org/apis/security/escaping/#escaping-functions,5,https://playground.wordpress.net/scope:loyal-abandoned-village/wp-admin/plugin-editor.php?plugin=servertrack%2Fratuls-act.php&file=servertrack%2Fadmin%2Fclass-ratuls-act-dashboard.php&line=314
admin/class-ratuls-act-dashboard.php,315,84,ERROR,WordPress.Security.EscapeOutput.OutputNotEscaped,"All output should be run through an escaping function (see the Security sections in the WordPress Developer Handbooks), found '$ts'.",https://developer.wordpress.org/apis/security/escaping/#escaping-functions,5,https://playground.wordpress.net/scope:loyal-abandoned-village/wp-admin/plugin-editor.php?plugin=servertrack%2Fratuls-act.php&file=servertrack%2Fadmin%2Fclass-ratuls-act-dashboard.php&line=315
admin/class-ratuls-act-dashboard.php,340,73,ERROR,WordPress.WP.I18n.TextDomainMismatch,"Mismatched text domain. Expected 'servertrack' but got 'ratuls-act'.",https://developer.wordpress.org/plugins/internationalization/how-to-internationalize-your-plugin/,5,https://playground.wordpress.net/scope:loyal-abandoned-village/wp-admin/plugin-editor.php?plugin=servertrack%2Fratuls-act.php&file=servertrack%2Fadmin%2Fclass-ratuls-act-dashboard.php&line=340
admin/class-ratuls-act-dashboard.php,346,72,ERROR,WordPress.WP.I18n.TextDomainMismatch,"Mismatched text domain. Expected 'servertrack' but got 'ratuls-act'.",https://developer.wordpress.org/plugins/internationalization/how-to-internationalize-your-plugin/,5,https://playground.wordpress.net/scope:loyal-abandoned-village/wp-admin/plugin-editor.php?plugin=servertrack%2Fratuls-act.php&file=servertrack%2Fadmin%2Fclass-ratuls-act-dashboard.php&line=346
admin/class-ratuls-act-dashboard.php,640,17,ERROR,WordPress.Security.EscapeOutput.OutputNotEscaped,"All output should be run through an escaping function (see the Security sections in the WordPress Developer Handbooks), found '$icon'.",https://developer.wordpress.org/apis/security/escaping/#escaping-functions,5,https://playground.wordpress.net/scope:loyal-abandoned-village/wp-admin/plugin-editor.php?plugin=servertrack%2Fratuls-act.php&file=servertrack%2Fadmin%2Fclass-ratuls-act-dashboard.php&line=640
admin/views/dashboard.php,11,1,WARNING,WordPress.NamingConventions.PrefixAllGlobals.NonPrefixedVariableFound,"Global variables defined by a theme/plugin should start with the theme/plugin prefix. Found: &quot;$st_meta_configured&quot;.",,6,https://playground.wordpress.net/scope:loyal-abandoned-village/wp-admin/plugin-editor.php?plugin=servertrack%2Fratuls-act.php&file=servertrack%2Fadmin%2Fviews%2Fdashboard.php&line=11
admin/views/dashboard.php,14,1,WARNING,WordPress.NamingConventions.PrefixAllGlobals.NonPrefixedVariableFound,"Global variables defined by a theme/plugin should start with the theme/plugin prefix. Found: &quot;$st_google_configured&quot;.",,6,https://playground.wordpress.net/scope:loyal-abandoned-village/wp-admin/plugin-editor.php?plugin=servertrack%2Fratuls-act.php&file=servertrack%2Fadmin%2Fviews%2Fdashboard.php&line=14
admin/views/dashboard.php,16,1,WARNING,WordPress.NamingConventions.PrefixAllGlobals.NonPrefixedVariableFound,"Global variables defined by a theme/plugin should start with the theme/plugin prefix. Found: &quot;$st_tiktok_configured&quot;.",,6,https://playground.wordpress.net/scope:loyal-abandoned-village/wp-admin/plugin-editor.php?plugin=servertrack%2Fratuls-act.php&file=servertrack%2Fadmin%2Fviews%2Fdashboard.php&line=16
admin/views/dashboard.php,87,50,ERROR,WordPress.WP.I18n.TextDomainMismatch,"Mismatched text domain. Expected 'servertrack' but got 'ratuls-act'.",https://developer.wordpress.org/plugins/internationalization/how-to-internationalize-your-plugin/,5,https://playground.wordpress.net/scope:loyal-abandoned-village/wp-admin/plugin-editor.php?plugin=servertrack%2Fratuls-act.php&file=servertrack%2Fadmin%2Fviews%2Fdashboard.php&line=87
admin/views/dashboard.php,100,90,ERROR,WordPress.WP.I18n.TextDomainMismatch,"Mismatched text domain. Expected 'servertrack' but got 'ratuls-act'.",https://developer.wordpress.org/plugins/internationalization/how-to-internationalize-your-plugin/,5,https://playground.wordpress.net/scope:loyal-abandoned-village/wp-admin/plugin-editor.php?plugin=servertrack%2Fratuls-act.php&file=servertrack%2Fadmin%2Fviews%2Fdashboard.php&line=100
admin/views/dashboard.php,101,99,ERROR,WordPress.WP.I18n.TextDomainMismatch,"Mismatched text domain. Expected 'servertrack' but got 'ratuls-act'.",https://developer.wordpress.org/plugins/internationalization/how-to-internationalize-your-plugin/,5,https://playground.wordpress.net/scope:loyal-abandoned-village/wp-admin/plugin-editor.php?plugin=servertrack%2Fratuls-act.php&file=servertrack%2Fadmin%2Fviews%2Fdashboard.php&line=101
admin/views/dashboard.php,106,80,ERROR,WordPress.WP.I18n.TextDomainMismatch,"Mismatched text domain. Expected 'servertrack' but got 'ratuls-act'.",https://developer.wordpress.org/plugins/internationalization/how-to-internationalize-your-plugin/,5,https://playground.wordpress.net/scope:loyal-abandoned-village/wp-admin/plugin-editor.php?plugin=servertrack%2Fratuls-act.php&file=servertrack%2Fadmin%2Fviews%2Fdashboard.php&line=106
admin/views/dashboard.php,106,171,ERROR,WordPress.WP.I18n.TextDomainMismatch,"Mismatched text domain. Expected 'servertrack' but got 'ratuls-act'.",https://developer.wordpress.org/plugins/internationalization/how-to-internationalize-your-plugin/,5,https://playground.wordpress.net/scope:loyal-abandoned-village/wp-admin/plugin-editor.php?plugin=servertrack%2Fratuls-act.php&file=servertrack%2Fadmin%2Fviews%2Fdashboard.php&line=106
admin/views/dashboard.php,106,212,ERROR,WordPress.WP.I18n.TextDomainMismatch,"Mismatched text domain. Expected 'servertrack' but got 'ratuls-act'.",https://developer.wordpress.org/plugins/internationalization/how-to-internationalize-your-plugin/,5,https://playground.wordpress.net/scope:loyal-abandoned-village/wp-admin/plugin-editor.php?plugin=servertrack%2Fratuls-act.php&file=servertrack%2Fadmin%2Fviews%2Fdashboard.php&line=106
admin/views/dashboard.php,111,105,ERROR,WordPress.WP.I18n.TextDomainMismatch,"Mismatched text domain. Expected 'servertrack' but got 'ratuls-act'.",https://developer.wordpress.org/plugins/internationalization/how-to-internationalize-your-plugin/,5,https://playground.wordpress.net/scope:loyal-abandoned-village/wp-admin/plugin-editor.php?plugin=servertrack%2Fratuls-act.php&file=servertrack%2Fadmin%2Fviews%2Fdashboard.php&line=111
admin/views/dashboard.php,112,90,ERROR,WordPress.WP.I18n.TextDomainMismatch,"Mismatched text domain. Expected 'servertrack' but got 'ratuls-act'.",https://developer.wordpress.org/plugins/internationalization/how-to-internationalize-your-plugin/,5,https://playground.wordpress.net/scope:loyal-abandoned-village/wp-admin/plugin-editor.php?plugin=servertrack%2Fratuls-act.php&file=servertrack%2Fadmin%2Fviews%2Fdashboard.php&line=112
admin/views/dashboard.php,115,117,ERROR,WordPress.WP.I18n.TextDomainMismatch,"Mismatched text domain. Expected 'servertrack' but got 'ratuls-act'.",https://developer.wordpress.org/plugins/internationalization/how-to-internationalize-your-plugin/,5,https://playground.wordpress.net/scope:loyal-abandoned-village/wp-admin/plugin-editor.php?plugin=servertrack%2Fratuls-act.php&file=servertrack%2Fadmin%2Fviews%2Fdashboard.php&line=115
admin/views/dashboard.php,115,157,ERROR,WordPress.WP.I18n.TextDomainMismatch,"Mismatched text domain. Expected 'servertrack' but got 'ratuls-act'.",https://developer.wordpress.org/plugins/internationalization/how-to-internationalize-your-plugin/,5,https://playground.wordpress.net/scope:loyal-abandoned-village/wp-admin/plugin-editor.php?plugin=servertrack%2Fratuls-act.php&file=servertrack%2Fadmin%2Fviews%2Fdashboard.php&line=115
admin/views/dashboard.php,116,86,ERROR,WordPress.WP.I18n.TextDomainMismatch,"Mismatched text domain. Expected 'servertrack' but got 'ratuls-act'.",https://developer.wordpress.org/plugins/internationalization/how-to-internationalize-your-plugin/,5,https://playground.wordpress.net/scope:loyal-abandoned-village/wp-admin/plugin-editor.php?plugin=servertrack%2Fratuls-act.php&file=servertrack%2Fadmin%2Fviews%2Fdashboard.php&line=116
admin/views/dashboard.php,121,59,ERROR,WordPress.WP.I18n.TextDomainMismatch,"Mismatched text domain. Expected 'servertrack' but got 'ratuls-act'.",https://developer.wordpress.org/plugins/internationalization/how-to-internationalize-your-plugin/,5,https://playground.wordpress.net/scope:loyal-abandoned-village/wp-admin/plugin-editor.php?plugin=servertrack%2Fratuls-act.php&file=servertrack%2Fadmin%2Fviews%2Fdashboard.php&line=121
admin/views/dashboard.php,134,91,ERROR,WordPress.WP.I18n.TextDomainMismatch,"Mismatched text domain. Expected 'servertrack' but got 'ratuls-act'.",https://developer.wordpress.org/plugins/internationalization/how-to-internationalize-your-plugin/,5,https://playground.wordpress.net/scope:loyal-abandoned-village/wp-admin/plugin-editor.php?plugin=servertrack%2Fratuls-act.php&file=servertrack%2Fadmin%2Fviews%2Fdashboard.php&line=134
admin/views/dashboard.php,135,104,ERROR,WordPress.WP.I18n.TextDomainMismatch,"Mismatched text domain. Expected 'servertrack' but got 'ratuls-act'.",https://developer.wordpress.org/plugins/internationalization/how-to-internationalize-your-plugin/,5,https://playground.wordpress.net/scope:loyal-abandoned-village/wp-admin/plugin-editor.php?plugin=servertrack%2Fratuls-act.php&file=servertrack%2Fadmin%2Fviews%2Fdashboard.php&line=135
admin/views/dashboard.php,140,82,ERROR,WordPress.WP.I18n.TextDomainMismatch,"Mismatched text domain. Expected 'servertrack' but got 'ratuls-act'.",https://developer.wordpress.org/plugins/internationalization/how-to-internationalize-your-plugin/,5,https://playground.wordpress.net/scope:loyal-abandoned-village/wp-admin/plugin-editor.php?plugin=servertrack%2Fratuls-act.php&file=servertrack%2Fadmin%2Fviews%2Fdashboard.php&line=140
admin/views/dashboard.php,140,175,ERROR,WordPress.WP.I18n.TextDomainMismatch,"Mismatched text domain. Expected 'servertrack' but got 'ratuls-act'.",https://developer.wordpress.org/plugins/internationalization/how-to-internationalize-your-plugin/,5,https://playground.wordpress.net/scope:loyal-abandoned-village/wp-admin/plugin-editor.php?plugin=servertrack%2Fratuls-act.php&file=servertrack%2Fadmin%2Fviews%2Fdashboard.php&line=140
admin/views/dashboard.php,140,216,ERROR,WordPress.WP.I18n.TextDomainMismatch,"Mismatched text domain. Expected 'servertrack' but got 'ratuls-act'.",https://developer.wordpress.org/plugins/internationalization/how-to-internationalize-your-plugin/,5,https://playground.wordpress.net/scope:loyal-abandoned-village/wp-admin/plugin-editor.php?plugin=servertrack%2Fratuls-act.php&file=servertrack%2Fadmin%2Fviews%2Fdashboard.php&line=140
admin/views/dashboard.php,145,107,ERROR,WordPress.WP.I18n.TextDomainMismatch,"Mismatched text domain. Expected 'servertrack' but got 'ratuls-act'.",https://developer.wordpress.org/plugins/internationalization/how-to-internationalize-your-plugin/,5,https://playground.wordpress.net/scope:loyal-abandoned-village/wp-admin/plugin-editor.php?plugin=servertrack%2Fratuls-act.php&file=servertrack%2Fadmin%2Fviews%2Fdashboard.php&line=145
admin/views/dashboard.php,146,90,ERROR,WordPress.WP.I18n.TextDomainMismatch,"Mismatched text domain. Expected 'servertrack' but got 'ratuls-act'.",https://developer.wordpress.org/plugins/internationalization/how-to-internationalize-your-plugin/,5,https://playground.wordpress.net/scope:loyal-abandoned-village/wp-admin/plugin-editor.php?plugin=servertrack%2Fratuls-act.php&file=servertrack%2Fadmin%2Fviews%2Fdashboard.php&line=146
admin/views/dashboard.php,149,118,ERROR,WordPress.WP.I18n.TextDomainMismatch,"Mismatched text domain. Expected 'servertrack' but got 'ratuls-act'.",https://developer.wordpress.org/plugins/internationalization/how-to-internationalize-your-plugin/,5,https://playground.wordpress.net/scope:loyal-abandoned-village/wp-admin/plugin-editor.php?plugin=servertrack%2Fratuls-act.php&file=servertrack%2Fadmin%2Fviews%2Fdashboard.php&line=149
admin/views/dashboard.php,149,158,ERROR,WordPress.WP.I18n.TextDomainMismatch,"Mismatched text domain. Expected 'servertrack' but got 'ratuls-act'.",https://developer.wordpress.org/plugins/internationalization/how-to-internationalize-your-plugin/,5,https://playground.wordpress.net/scope:loyal-abandoned-village/wp-admin/plugin-editor.php?plugin=servertrack%2Fratuls-act.php&file=servertrack%2Fadmin%2Fviews%2Fdashboard.php&line=149
admin/views/dashboard.php,150,86,ERROR,WordPress.WP.I18n.TextDomainMismatch,"Mismatched text domain. Expected 'servertrack' but got 'ratuls-act'.",https://developer.wordpress.org/plugins/internationalization/how-to-internationalize-your-plugin/,5,https://playground.wordpress.net/scope:loyal-abandoned-village/wp-admin/plugin-editor.php?plugin=servertrack%2Fratuls-act.php&file=servertrack%2Fadmin%2Fviews%2Fdashboard.php&line=150
admin/views/dashboard.php,155,61,ERROR,WordPress.WP.I18n.TextDomainMismatch,"Mismatched text domain. Expected 'servertrack' but got 'ratuls-act'.",https://developer.wordpress.org/plugins/internationalization/how-to-internationalize-your-plugin/,5,https://playground.wordpress.net/scope:loyal-abandoned-village/wp-admin/plugin-editor.php?plugin=servertrack%2Fratuls-act.php&file=servertrack%2Fadmin%2Fviews%2Fdashboard.php&line=155
admin/views/dashboard.php,168,94,ERROR,WordPress.WP.I18n.TextDomainMismatch,"Mismatched text domain. Expected 'servertrack' but got 'ratuls-act'.",https://developer.wordpress.org/plugins/internationalization/how-to-internationalize-your-plugin/,5,https://playground.wordpress.net/scope:loyal-abandoned-village/wp-admin/plugin-editor.php?plugin=servertrack%2Fratuls-act.php&file=servertrack%2Fadmin%2Fviews%2Fdashboard.php&line=168
admin/views/dashboard.php,169,94,ERROR,WordPress.WP.I18n.TextDomainMismatch,"Mismatched text domain. Expected 'servertrack' but got 'ratuls-act'.",https://developer.wordpress.org/plugins/internationalization/how-to-internationalize-your-plugin/,5,https://playground.wordpress.net/scope:loyal-abandoned-village/wp-admin/plugin-editor.php?plugin=servertrack%2Fratuls-act.php&file=servertrack%2Fadmin%2Fviews%2Fdashboard.php&line=169
admin/views/dashboard.php,174,82,ERROR,WordPress.WP.I18n.TextDomainMismatch,"Mismatched text domain. Expected 'servertrack' but got 'ratuls-act'.",https://developer.wordpress.org/plugins/internationalization/how-to-internationalize-your-plugin/,5,https://playground.wordpress.net/scope:loyal-abandoned-village/wp-admin/plugin-editor.php?plugin=servertrack%2Fratuls-act.php&file=servertrack%2Fadmin%2Fviews%2Fdashboard.php&line=174
admin/views/dashboard.php,174,175,ERROR,WordPress.WP.I18n.TextDomainMismatch,"Mismatched text domain. Expected 'servertrack' but got 'ratuls-act'.",https://developer.wordpress.org/plugins/internationalization/how-to-internationalize-your-plugin/,5,https://playground.wordpress.net/scope:loyal-abandoned-village/wp-admin/plugin-editor.php?plugin=servertrack%2Fratuls-act.php&file=servertrack%2Fadmin%2Fviews%2Fdashboard.php&line=174
admin/views/dashboard.php,174,216,ERROR,WordPress.WP.I18n.TextDomainMismatch,"Mismatched text domain. Expected 'servertrack' but got 'ratuls-act'.",https://developer.wordpress.org/plugins/internationalization/how-to-internationalize-your-plugin/,5,https://playground.wordpress.net/scope:loyal-abandoned-village/wp-admin/plugin-editor.php?plugin=servertrack%2Fratuls-act.php&file=servertrack%2Fadmin%2Fviews%2Fdashboard.php&line=174
admin/views/dashboard.php,179,107,ERROR,WordPress.WP.I18n.TextDomainMismatch,"Mismatched text domain. Expected 'servertrack' but got 'ratuls-act'.",https://developer.wordpress.org/plugins/internationalization/how-to-internationalize-your-plugin/,5,https://playground.wordpress.net/scope:loyal-abandoned-village/wp-admin/plugin-editor.php?plugin=servertrack%2Fratuls-act.php&file=servertrack%2Fadmin%2Fviews%2Fdashboard.php&line=179
admin/views/dashboard.php,180,90,ERROR,WordPress.WP.I18n.TextDomainMismatch,"Mismatched text domain. Expected 'servertrack' but got 'ratuls-act'.",https://developer.wordpress.org/plugins/internationalization/how-to-internationalize-your-plugin/,5,https://playground.wordpress.net/scope:loyal-abandoned-village/wp-admin/plugin-editor.php?plugin=servertrack%2Fratuls-act.php&file=servertrack%2Fadmin%2Fviews%2Fdashboard.php&line=180
admin/views/dashboard.php,183,119,ERROR,WordPress.WP.I18n.TextDomainMismatch,"Mismatched text domain. Expected 'servertrack' but got 'ratuls-act'.",https://developer.wordpress.org/plugins/internationalization/how-to-internationalize-your-plugin/,5,https://playground.wordpress.net/scope:loyal-abandoned-village/wp-admin/plugin-editor.php?plugin=servertrack%2Fratuls-act.php&file=servertrack%2Fadmin%2Fviews%2Fdashboard.php&line=183
admin/views/dashboard.php,183,159,ERROR,WordPress.WP.I18n.TextDomainMismatch,"Mismatched text domain. Expected 'servertrack' but got 'ratuls-act'.",https://developer.wordpress.org/plugins/internationalization/how-to-internationalize-your-plugin/,5,https://playground.wordpress.net/scope:loyal-abandoned-village/wp-admin/plugin-editor.php?plugin=servertrack%2Fratuls-act.php&file=servertrack%2Fadmin%2Fviews%2Fdashboard.php&line=183
admin/views/dashboard.php,184,86,ERROR,WordPress.WP.I18n.TextDomainMismatch,"Mismatched text domain. Expected 'servertrack' but got 'ratuls-act'.",https://developer.wordpress.org/plugins/internationalization/how-to-internationalize-your-plugin/,5,https://playground.wordpress.net/scope:loyal-abandoned-village/wp-admin/plugin-editor.php?plugin=servertrack%2Fratuls-act.php&file=servertrack%2Fadmin%2Fviews%2Fdashboard.php&line=184
admin/views/dashboard.php,189,61,ERROR,WordPress.WP.I18n.TextDomainMismatch,"Mismatched text domain. Expected 'servertrack' but got 'ratuls-act'.",https://developer.wordpress.org/plugins/internationalization/how-to-internationalize-your-plugin/,5,https://playground.wordpress.net/scope:loyal-abandoned-village/wp-admin/plugin-editor.php?plugin=servertrack%2Fratuls-act.php&file=servertrack%2Fadmin%2Fviews%2Fdashboard.php&line=189
admin/views/dashboard.php,201,48,ERROR,WordPress.WP.I18n.TextDomainMismatch,"Mismatched text domain. Expected 'servertrack' but got 'ratuls-act'.",https://developer.wordpress.org/plugins/internationalization/how-to-internationalize-your-plugin/,5,https://playground.wordpress.net/scope:loyal-abandoned-village/wp-admin/plugin-editor.php?plugin=servertrack%2Fratuls-act.php&file=servertrack%2Fadmin%2Fviews%2Fdashboard.php&line=201
admin/views/dashboard.php,206,76,ERROR,WordPress.WP.I18n.TextDomainMismatch,"Mismatched text domain. Expected 'servertrack' but got 'ratuls-act'.",https://developer.wordpress.org/plugins/internationalization/how-to-internationalize-your-plugin/,5,https://playground.wordpress.net/scope:loyal-abandoned-village/wp-admin/plugin-editor.php?plugin=servertrack%2Fratuls-act.php&file=servertrack%2Fadmin%2Fviews%2Fdashboard.php&line=206
admin/views/settings-debug.php,17,46,ERROR,WordPress.WP.I18n.TextDomainMismatch,"Mismatched text domain. Expected 'servertrack' but got 'ratuls-act'.",https://developer.wordpress.org/plugins/internationalization/how-to-internationalize-your-plugin/,5,https://playground.wordpress.net/scope:loyal-abandoned-village/wp-admin/plugin-editor.php?plugin=servertrack%2Fratuls-act.php&file=servertrack%2Fadmin%2Fviews%2Fsettings-debug.php&line=17
admin/views/settings-debug.php,20,109,ERROR,WordPress.WP.I18n.TextDomainMismatch,"Mismatched text domain. Expected 'servertrack' but got 'ratuls-act'.",https://developer.wordpress.org/plugins/internationalization/how-to-internationalize-your-plugin/,5,https://playground.wordpress.net/scope:loyal-abandoned-village/wp-admin/plugin-editor.php?plugin=servertrack%2Fratuls-act.php&file=servertrack%2Fadmin%2Fviews%2Fsettings-debug.php&line=20
admin/views/settings-debug.php,25,51,ERROR,WordPress.WP.I18n.TextDomainMismatch,"Mismatched text domain. Expected 'servertrack' but got 'ratuls-act'.",https://developer.wordpress.org/plugins/internationalization/how-to-internationalize-your-plugin/,5,https://playground.wordpress.net/scope:loyal-abandoned-village/wp-admin/plugin-editor.php?plugin=servertrack%2Fratuls-act.php&file=servertrack%2Fadmin%2Fviews%2Fsettings-debug.php&line=25
admin/views/settings-debug.php,29,53,ERROR,WordPress.WP.I18n.TextDomainMismatch,"Mismatched text domain. Expected 'servertrack' but got 'ratuls-act'.",https://developer.wordpress.org/plugins/internationalization/how-to-internationalize-your-plugin/,5,https://playground.wordpress.net/scope:loyal-abandoned-village/wp-admin/plugin-editor.php?plugin=servertrack%2Fratuls-act.php&file=servertrack%2Fadmin%2Fviews%2Fsettings-debug.php&line=29
admin/views/settings-debug.php,33,53,ERROR,WordPress.WP.I18n.TextDomainMismatch,"Mismatched text domain. Expected 'servertrack' but got 'ratuls-act'.",https://developer.wordpress.org/plugins/internationalization/how-to-internationalize-your-plugin/,5,https://playground.wordpress.net/scope:loyal-abandoned-village/wp-admin/plugin-editor.php?plugin=servertrack%2Fratuls-act.php&file=servertrack%2Fadmin%2Fviews%2Fsettings-debug.php&line=33
admin/views/settings-debug.php,47,44,ERROR,WordPress.WP.I18n.TextDomainMismatch,"Mismatched text domain. Expected 'servertrack' but got 'ratuls-act'.",https://developer.wordpress.org/plugins/internationalization/how-to-internationalize-your-plugin/,5,https://playground.wordpress.net/scope:loyal-abandoned-village/wp-admin/plugin-editor.php?plugin=servertrack%2Fratuls-act.php&file=servertrack%2Fadmin%2Fviews%2Fsettings-debug.php&line=47
admin/views/settings-debug.php,49,89,ERROR,WordPress.WP.I18n.TextDomainMismatch,"Mismatched text domain. Expected 'servertrack' but got 'ratuls-act'.",https://developer.wordpress.org/plugins/internationalization/how-to-internationalize-your-plugin/,5,https://playground.wordpress.net/scope:loyal-abandoned-village/wp-admin/plugin-editor.php?plugin=servertrack%2Fratuls-act.php&file=servertrack%2Fadmin%2Fviews%2Fsettings-debug.php&line=49
admin/views/settings-debug.php,55,46,ERROR,WordPress.WP.I18n.TextDomainMismatch,"Mismatched text domain. Expected 'servertrack' but got 'ratuls-act'.",https://developer.wordpress.org/plugins/internationalization/how-to-internationalize-your-plugin/,5,https://playground.wordpress.net/scope:loyal-abandoned-village/wp-admin/plugin-editor.php?plugin=servertrack%2Fratuls-act.php&file=servertrack%2Fadmin%2Fviews%2Fsettings-debug.php&line=55
admin/views/settings-debug.php,59,48,ERROR,WordPress.WP.I18n.TextDomainMismatch,"Mismatched text domain. Expected 'servertrack' but got 'ratuls-act'.",https://developer.wordpress.org/plugins/internationalization/how-to-internationalize-your-plugin/,5,https://playground.wordpress.net/scope:loyal-abandoned-village/wp-admin/plugin-editor.php?plugin=servertrack%2Fratuls-act.php&file=servertrack%2Fadmin%2Fviews%2Fsettings-debug.php&line=59
admin/views/settings-debug.php,65,68,ERROR,WordPress.WP.I18n.TextDomainMismatch,"Mismatched text domain. Expected 'servertrack' but got 'ratuls-act'.",https://developer.wordpress.org/plugins/internationalization/how-to-internationalize-your-plugin/,5,https://playground.wordpress.net/scope:loyal-abandoned-village/wp-admin/plugin-editor.php?plugin=servertrack%2Fratuls-act.php&file=servertrack%2Fadmin%2Fviews%2Fsettings-debug.php&line=65
admin/views/settings-debug.php,66,92,ERROR,WordPress.WP.I18n.TextDomainMismatch,"Mismatched text domain. Expected 'servertrack' but got 'ratuls-act'.",https://developer.wordpress.org/plugins/internationalization/how-to-internationalize-your-plugin/,5,https://playground.wordpress.net/scope:loyal-abandoned-village/wp-admin/plugin-editor.php?plugin=servertrack%2Fratuls-act.php&file=servertrack%2Fadmin%2Fviews%2Fsettings-debug.php&line=66
admin/views/settings-debug.php,67,90,ERROR,WordPress.WP.I18n.TextDomainMismatch,"Mismatched text domain. Expected 'servertrack' but got 'ratuls-act'.",https://developer.wordpress.org/plugins/internationalization/how-to-internationalize-your-plugin/,5,https://playground.wordpress.net/scope:loyal-abandoned-village/wp-admin/plugin-editor.php?plugin=servertrack%2Fratuls-act.php&file=servertrack%2Fadmin%2Fviews%2Fsettings-debug.php&line=67
admin/views/settings-debug.php,68,86,ERROR,WordPress.WP.I18n.TextDomainMismatch,"Mismatched text domain. Expected 'servertrack' but got 'ratuls-act'.",https://developer.wordpress.org/plugins/internationalization/how-to-internationalize-your-plugin/,5,https://playground.wordpress.net/scope:loyal-abandoned-village/wp-admin/plugin-editor.php?plugin=servertrack%2Fratuls-act.php&file=servertrack%2Fadmin%2Fviews%2Fsettings-debug.php&line=68
admin/views/settings-debug.php,69,90,ERROR,WordPress.WP.I18n.TextDomainMismatch,"Mismatched text domain. Expected 'servertrack' but got 'ratuls-act'.",https://developer.wordpress.org/plugins/internationalization/how-to-internationalize-your-plugin/,5,https://playground.wordpress.net/scope:loyal-abandoned-village/wp-admin/plugin-editor.php?plugin=servertrack%2Fratuls-act.php&file=servertrack%2Fadmin%2Fviews%2Fsettings-debug.php&line=69
admin/views/settings-debug.php,70,94,ERROR,WordPress.WP.I18n.TextDomainMismatch,"Mismatched text domain. Expected 'servertrack' but got 'ratuls-act'.",https://developer.wordpress.org/plugins/internationalization/how-to-internationalize-your-plugin/,5,https://playground.wordpress.net/scope:loyal-abandoned-village/wp-admin/plugin-editor.php?plugin=servertrack%2Fratuls-act.php&file=servertrack%2Fadmin%2Fviews%2Fsettings-debug.php&line=70
admin/views/settings-debug.php,77,51,ERROR,WordPress.WP.I18n.TextDomainMismatch,"Mismatched text domain. Expected 'servertrack' but got 'ratuls-act'.",https://developer.wordpress.org/plugins/internationalization/how-to-internationalize-your-plugin/,5,https://playground.wordpress.net/scope:loyal-abandoned-village/wp-admin/plugin-editor.php?plugin=servertrack%2Fratuls-act.php&file=servertrack%2Fadmin%2Fviews%2Fsettings-debug.php&line=77
admin/views/settings-debug.php,78,55,ERROR,WordPress.WP.I18n.TextDomainMismatch,"Mismatched text domain. Expected 'servertrack' but got 'ratuls-act'.",https://developer.wordpress.org/plugins/internationalization/how-to-internationalize-your-plugin/,5,https://playground.wordpress.net/scope:loyal-abandoned-village/wp-admin/plugin-editor.php?plugin=servertrack%2Fratuls-act.php&file=servertrack%2Fadmin%2Fviews%2Fsettings-debug.php&line=78
admin/views/settings-debug.php,79,52,ERROR,WordPress.WP.I18n.TextDomainMismatch,"Mismatched text domain. Expected 'servertrack' but got 'ratuls-act'.",https://developer.wordpress.org/plugins/internationalization/how-to-internationalize-your-plugin/,5,https://playground.wordpress.net/scope:loyal-abandoned-village/wp-admin/plugin-editor.php?plugin=servertrack%2Fratuls-act.php&file=servertrack%2Fadmin%2Fviews%2Fsettings-debug.php&line=79
admin/views/settings-debug.php,80,55,ERROR,WordPress.WP.I18n.TextDomainMismatch,"Mismatched text domain. Expected 'servertrack' but got 'ratuls-act'.",https://developer.wordpress.org/plugins/internationalization/how-to-internationalize-your-plugin/,5,https://playground.wordpress.net/scope:loyal-abandoned-village/wp-admin/plugin-editor.php?plugin=servertrack%2Fratuls-act.php&file=servertrack%2Fadmin%2Fviews%2Fsettings-debug.php&line=80
admin/views/settings-debug.php,81,55,ERROR,WordPress.WP.I18n.TextDomainMismatch,"Mismatched text domain. Expected 'servertrack' but got 'ratuls-act'.",https://developer.wordpress.org/plugins/internationalization/how-to-internationalize-your-plugin/,5,https://playground.wordpress.net/scope:loyal-abandoned-village/wp-admin/plugin-editor.php?plugin=servertrack%2Fratuls-act.php&file=servertrack%2Fadmin%2Fviews%2Fsettings-debug.php&line=81
admin/views/settings-debug.php,82,53,ERROR,WordPress.WP.I18n.TextDomainMismatch,"Mismatched text domain. Expected 'servertrack' but got 'ratuls-act'.",https://developer.wordpress.org/plugins/internationalization/how-to-internationalize-your-plugin/,5,https://playground.wordpress.net/scope:loyal-abandoned-village/wp-admin/plugin-editor.php?plugin=servertrack%2Fratuls-act.php&file=servertrack%2Fadmin%2Fviews%2Fsettings-debug.php&line=82
admin/views/settings-debug.php,83,51,ERROR,WordPress.WP.I18n.TextDomainMismatch,"Mismatched text domain. Expected 'servertrack' but got 'ratuls-act'.",https://developer.wordpress.org/plugins/internationalization/how-to-internationalize-your-plugin/,5,https://playground.wordpress.net/scope:loyal-abandoned-village/wp-admin/plugin-editor.php?plugin=servertrack%2Fratuls-act.php&file=servertrack%2Fadmin%2Fviews%2Fsettings-debug.php&line=83
admin/views/settings-debug.php,84,54,ERROR,WordPress.WP.I18n.TextDomainMismatch,"Mismatched text domain. Expected 'servertrack' but got 'ratuls-act'.",https://developer.wordpress.org/plugins/internationalization/how-to-internationalize-your-plugin/,5,https://playground.wordpress.net/scope:loyal-abandoned-village/wp-admin/plugin-editor.php?plugin=servertrack%2Fratuls-act.php&file=servertrack%2Fadmin%2Fviews%2Fsettings-debug.php&line=84
admin/views/settings-debug.php,85,55,ERROR,WordPress.WP.I18n.TextDomainMismatch,"Mismatched text domain. Expected 'servertrack' but got 'ratuls-act'.",https://developer.wordpress.org/plugins/internationalization/how-to-internationalize-your-plugin/,5,https://playground.wordpress.net/scope:loyal-abandoned-village/wp-admin/plugin-editor.php?plugin=servertrack%2Fratuls-act.php&file=servertrack%2Fadmin%2Fviews%2Fsettings-debug.php&line=85
admin/views/settings-debug.php,93,73,ERROR,WordPress.WP.I18n.TextDomainMismatch,"Mismatched text domain. Expected 'servertrack' but got 'ratuls-act'.",https://developer.wordpress.org/plugins/internationalization/how-to-internationalize-your-plugin/,5,https://playground.wordpress.net/scope:loyal-abandoned-village/wp-admin/plugin-editor.php?plugin=servertrack%2Fratuls-act.php&file=servertrack%2Fadmin%2Fviews%2Fsettings-debug.php&line=93
admin/views/settings-debug.php,94,100,ERROR,WordPress.WP.I18n.TextDomainMismatch,"Mismatched text domain. Expected 'servertrack' but got 'ratuls-act'.",https://developer.wordpress.org/plugins/internationalization/how-to-internationalize-your-plugin/,5,https://playground.wordpress.net/scope:loyal-abandoned-village/wp-admin/plugin-editor.php?plugin=servertrack%2Fratuls-act.php&file=servertrack%2Fadmin%2Fviews%2Fsettings-debug.php&line=94
admin/views/settings-debug.php,98,57,WARNING,WordPress.NamingConventions.PrefixAllGlobals.NonPrefixedVariableFound,"Global variables defined by a theme/plugin should start with the theme/plugin prefix. Found: &quot;$st_entry&quot;.",,6,https://playground.wordpress.net/scope:loyal-abandoned-village/wp-admin/plugin-editor.php?plugin=servertrack%2Fratuls-act.php&file=servertrack%2Fadmin%2Fviews%2Fsettings-debug.php&line=98
admin/views/settings-debug.php,99,25,WARNING,WordPress.NamingConventions.PrefixAllGlobals.NonPrefixedVariableFound,"Global variables defined by a theme/plugin should start with the theme/plugin prefix. Found: &quot;$st_platform&quot;.",,6,https://playground.wordpress.net/scope:loyal-abandoned-village/wp-admin/plugin-editor.php?plugin=servertrack%2Fratuls-act.php&file=servertrack%2Fadmin%2Fviews%2Fsettings-debug.php&line=99
admin/views/settings-debug.php,100,25,WARNING,WordPress.NamingConventions.PrefixAllGlobals.NonPrefixedVariableFound,"Global variables defined by a theme/plugin should start with the theme/plugin prefix. Found: &quot;$st_status&quot;.",,6,https://playground.wordpress.net/scope:loyal-abandoned-village/wp-admin/plugin-editor.php?plugin=servertrack%2Fratuls-act.php&file=servertrack%2Fadmin%2Fviews%2Fsettings-debug.php&line=100
admin/views/settings-debug.php,101,25,WARNING,WordPress.NamingConventions.PrefixAllGlobals.NonPrefixedVariableFound,"Global variables defined by a theme/plugin should start with the theme/plugin prefix. Found: &quot;$st_badge_cls&quot;.",,6,https://playground.wordpress.net/scope:loyal-abandoned-village/wp-admin/plugin-editor.php?plugin=servertrack%2Fratuls-act.php&file=servertrack%2Fadmin%2Fviews%2Fsettings-debug.php&line=101
admin/views/settings-debug.php,103,25,WARNING,WordPress.NamingConventions.PrefixAllGlobals.NonPrefixedVariableFound,"Global variables defined by a theme/plugin should start with the theme/plugin prefix. Found: &quot;$st_response&quot;.",,6,https://playground.wordpress.net/scope:loyal-abandoned-village/wp-admin/plugin-editor.php?plugin=servertrack%2Fratuls-act.php&file=servertrack%2Fadmin%2Fviews%2Fsettings-debug.php&line=103
admin/views/settings-debug.php,104,25,WARNING,WordPress.NamingConventions.PrefixAllGlobals.NonPrefixedVariableFound,"Global variables defined by a theme/plugin should start with the theme/plugin prefix. Found: &quot;$st_short&quot;.",,6,https://playground.wordpress.net/scope:loyal-abandoned-village/wp-admin/plugin-editor.php?plugin=servertrack%2Fratuls-act.php&file=servertrack%2Fadmin%2Fviews%2Fsettings-debug.php&line=104
admin/views/settings-debug.php,118,96,ERROR,WordPress.WP.I18n.TextDomainMismatch,"Mismatched text domain. Expected 'servertrack' but got 'ratuls-act'.",https://developer.wordpress.org/plugins/internationalization/how-to-internationalize-your-plugin/,5,https://playground.wordpress.net/scope:loyal-abandoned-village/wp-admin/plugin-editor.php?plugin=servertrack%2Fratuls-act.php&file=servertrack%2Fadmin%2Fviews%2Fsettings-debug.php&line=118
admin/views/settings-debug.php,119,74,ERROR,WordPress.Security.EscapeOutput.OutputNotEscaped,"All output should be run through an escaping function (see the Security sections in the WordPress Developer Handbooks), found '$st_response'.",https://developer.wordpress.org/apis/security/escaping/#escaping-functions,5,https://playground.wordpress.net/scope:loyal-abandoned-village/wp-admin/plugin-editor.php?plugin=servertrack%2Fratuls-act.php&file=servertrack%2Fadmin%2Fviews%2Fsettings-debug.php&line=119
admin/views/settings-debug.php,121,44,ERROR,WordPress.Security.EscapeOutput.OutputNotEscaped,"All output should be run through an escaping function (see the Security sections in the WordPress Developer Handbooks), found '$st_response'.",https://developer.wordpress.org/apis/security/escaping/#escaping-functions,5,https://playground.wordpress.net/scope:loyal-abandoned-village/wp-admin/plugin-editor.php?plugin=servertrack%2Fratuls-act.php&file=servertrack%2Fadmin%2Fviews%2Fsettings-debug.php&line=121
admin/views/settings-general.php,11,60,ERROR,WordPress.WP.I18n.TextDomainMismatch,"Mismatched text domain. Expected 'servertrack' but got 'ratuls-act'.",https://developer.wordpress.org/plugins/internationalization/how-to-internationalize-your-plugin/,5,https://playground.wordpress.net/scope:loyal-abandoned-village/wp-admin/plugin-editor.php?plugin=servertrack%2Fratuls-act.php&file=servertrack%2Fadmin%2Fviews%2Fsettings-general.php&line=11
admin/views/settings-general.php,19,115,ERROR,WordPress.WP.I18n.TextDomainMismatch,"Mismatched text domain. Expected 'servertrack' but got 'ratuls-act'.",https://developer.wordpress.org/plugins/internationalization/how-to-internationalize-your-plugin/,5,https://playground.wordpress.net/scope:loyal-abandoned-village/wp-admin/plugin-editor.php?plugin=servertrack%2Fratuls-act.php&file=servertrack%2Fadmin%2Fviews%2Fsettings-general.php&line=19
admin/views/settings-general.php,24,56,ERROR,WordPress.WP.I18n.TextDomainMismatch,"Mismatched text domain. Expected 'servertrack' but got 'ratuls-act'.",https://developer.wordpress.org/plugins/internationalization/how-to-internationalize-your-plugin/,5,https://playground.wordpress.net/scope:loyal-abandoned-village/wp-admin/plugin-editor.php?plugin=servertrack%2Fratuls-act.php&file=servertrack%2Fadmin%2Fviews%2Fsettings-general.php&line=24
admin/views/settings-general.php,32,132,ERROR,WordPress.WP.I18n.TextDomainMismatch,"Mismatched text domain. Expected 'servertrack' but got 'ratuls-act'.",https://developer.wordpress.org/plugins/internationalization/how-to-internationalize-your-plugin/,5,https://playground.wordpress.net/scope:loyal-abandoned-village/wp-admin/plugin-editor.php?plugin=servertrack%2Fratuls-act.php&file=servertrack%2Fadmin%2Fviews%2Fsettings-general.php&line=32
admin/views/settings-general.php,34,116,ERROR,WordPress.WP.I18n.TextDomainMismatch,"Mismatched text domain. Expected 'servertrack' but got 'ratuls-act'.",https://developer.wordpress.org/plugins/internationalization/how-to-internationalize-your-plugin/,5,https://playground.wordpress.net/scope:loyal-abandoned-village/wp-admin/plugin-editor.php?plugin=servertrack%2Fratuls-act.php&file=servertrack%2Fadmin%2Fviews%2Fsettings-general.php&line=34
admin/views/settings-general.php,38,96,ERROR,WordPress.WP.I18n.TextDomainMismatch,"Mismatched text domain. Expected 'servertrack' but got 'ratuls-act'.",https://developer.wordpress.org/plugins/internationalization/how-to-internationalize-your-plugin/,5,https://playground.wordpress.net/scope:loyal-abandoned-village/wp-admin/plugin-editor.php?plugin=servertrack%2Fratuls-act.php&file=servertrack%2Fadmin%2Fviews%2Fsettings-general.php&line=38
admin/views/settings-general.php,42,17,WARNING,WordPress.NamingConventions.PrefixAllGlobals.NonPrefixedVariableFound,"Global variables defined by a theme/plugin should start with the theme/plugin prefix. Found: &quot;$current&quot;.",,6,https://playground.wordpress.net/scope:loyal-abandoned-village/wp-admin/plugin-editor.php?plugin=servertrack%2Fratuls-act.php&file=servertrack%2Fadmin%2Fviews%2Fsettings-general.php&line=42
admin/views/settings-general.php,43,17,WARNING,WordPress.NamingConventions.PrefixAllGlobals.NonPrefixedVariableFound,"Global variables defined by a theme/plugin should start with the theme/plugin prefix. Found: &quot;$options&quot;.",,6,https://playground.wordpress.net/scope:loyal-abandoned-village/wp-admin/plugin-editor.php?plugin=servertrack%2Fratuls-act.php&file=servertrack%2Fadmin%2Fviews%2Fsettings-general.php&line=43
admin/views/settings-general.php,44,85,ERROR,WordPress.WP.I18n.TextDomainMismatch,"Mismatched text domain. Expected 'servertrack' but got 'ratuls-act'.",https://developer.wordpress.org/plugins/internationalization/how-to-internationalize-your-plugin/,5,https://playground.wordpress.net/scope:loyal-abandoned-village/wp-admin/plugin-editor.php?plugin=servertrack%2Fratuls-act.php&file=servertrack%2Fadmin%2Fviews%2Fsettings-general.php&line=44
admin/views/settings-general.php,45,86,ERROR,WordPress.WP.I18n.TextDomainMismatch,"Mismatched text domain. Expected 'servertrack' but got 'ratuls-act'.",https://developer.wordpress.org/plugins/internationalization/how-to-internationalize-your-plugin/,5,https://playground.wordpress.net/scope:loyal-abandoned-village/wp-admin/plugin-editor.php?plugin=servertrack%2Fratuls-act.php&file=servertrack%2Fadmin%2Fviews%2Fsettings-general.php&line=45
admin/views/settings-general.php,46,84,ERROR,WordPress.WP.I18n.TextDomainMismatch,"Mismatched text domain. Expected 'servertrack' but got 'ratuls-act'.",https://developer.wordpress.org/plugins/internationalization/how-to-internationalize-your-plugin/,5,https://playground.wordpress.net/scope:loyal-abandoned-village/wp-admin/plugin-editor.php?plugin=servertrack%2Fratuls-act.php&file=servertrack%2Fadmin%2Fviews%2Fsettings-general.php&line=46
admin/views/settings-general.php,47,91,ERROR,WordPress.WP.I18n.TextDomainMismatch,"Mismatched text domain. Expected 'servertrack' but got 'ratuls-act'.",https://developer.wordpress.org/plugins/internationalization/how-to-internationalize-your-plugin/,5,https://playground.wordpress.net/scope:loyal-abandoned-village/wp-admin/plugin-editor.php?plugin=servertrack%2Fratuls-act.php&file=servertrack%2Fadmin%2Fviews%2Fsettings-general.php&line=47
admin/views/settings-general.php,49,39,WARNING,WordPress.NamingConventions.PrefixAllGlobals.NonPrefixedVariableFound,"Global variables defined by a theme/plugin should start with the theme/plugin prefix. Found: &quot;$val&quot;.",,6,https://playground.wordpress.net/scope:loyal-abandoned-village/wp-admin/plugin-editor.php?plugin=servertrack%2Fratuls-act.php&file=servertrack%2Fadmin%2Fviews%2Fsettings-general.php&line=49
admin/views/settings-general.php,49,47,WARNING,WordPress.NamingConventions.PrefixAllGlobals.NonPrefixedVariableFound,"Global variables defined by a theme/plugin should start with the theme/plugin prefix. Found: &quot;$label&quot;.",,6,https://playground.wordpress.net/scope:loyal-abandoned-village/wp-admin/plugin-editor.php?plugin=servertrack%2Fratuls-act.php&file=servertrack%2Fadmin%2Fviews%2Fsettings-general.php&line=49
admin/views/settings-general.php,59,143,ERROR,WordPress.WP.I18n.TextDomainMismatch,"Mismatched text domain. Expected 'servertrack' but got 'ratuls-act'.",https://developer.wordpress.org/plugins/internationalization/how-to-internationalize-your-plugin/,5,https://playground.wordpress.net/scope:loyal-abandoned-village/wp-admin/plugin-editor.php?plugin=servertrack%2Fratuls-act.php&file=servertrack%2Fadmin%2Fviews%2Fsettings-general.php&line=59
admin/views/settings-google.php,20,68,ERROR,WordPress.WP.I18n.TextDomainMismatch,"Mismatched text domain. Expected 'servertrack' but got 'ratuls-act'.",https://developer.wordpress.org/plugins/internationalization/how-to-internationalize-your-plugin/,5,https://playground.wordpress.net/scope:loyal-abandoned-village/wp-admin/plugin-editor.php?plugin=servertrack%2Fratuls-act.php&file=servertrack%2Fadmin%2Fviews%2Fsettings-google.php&line=20
admin/views/settings-google.php,29,153,ERROR,WordPress.WP.I18n.TextDomainMismatch,"Mismatched text domain. Expected 'servertrack' but got 'ratuls-act'.",https://developer.wordpress.org/plugins/internationalization/how-to-internationalize-your-plugin/,5,https://playground.wordpress.net/scope:loyal-abandoned-village/wp-admin/plugin-editor.php?plugin=servertrack%2Fratuls-act.php&file=servertrack%2Fadmin%2Fviews%2Fsettings-google.php&line=29
admin/views/settings-google.php,40,9,WARNING,WordPress.NamingConventions.PrefixAllGlobals.NonPrefixedVariableFound,"Global variables defined by a theme/plugin should start with the theme/plugin prefix. Found: &quot;$access_token&quot;.",,6,https://playground.wordpress.net/scope:loyal-abandoned-village/wp-admin/plugin-editor.php?plugin=servertrack%2Fratuls-act.php&file=servertrack%2Fadmin%2Fviews%2Fsettings-google.php&line=40
admin/views/settings-google.php,41,9,WARNING,WordPress.NamingConventions.PrefixAllGlobals.NonPrefixedVariableFound,"Global variables defined by a theme/plugin should start with the theme/plugin prefix. Found: &quot;$token_expires&quot;.",,6,https://playground.wordpress.net/scope:loyal-abandoned-village/wp-admin/plugin-editor.php?plugin=servertrack%2Fratuls-act.php&file=servertrack%2Fadmin%2Fviews%2Fsettings-google.php&line=41
admin/views/settings-google.php,42,9,WARNING,WordPress.NamingConventions.PrefixAllGlobals.NonPrefixedVariableFound,"Global variables defined by a theme/plugin should start with the theme/plugin prefix. Found: &quot;$refresh_token&quot;.",,6,https://playground.wordpress.net/scope:loyal-abandoned-village/wp-admin/plugin-editor.php?plugin=servertrack%2Fratuls-act.php&file=servertrack%2Fadmin%2Fviews%2Fsettings-google.php&line=42
admin/views/settings-google.php,43,9,WARNING,WordPress.NamingConventions.PrefixAllGlobals.NonPrefixedVariableFound,"Global variables defined by a theme/plugin should start with the theme/plugin prefix. Found: &quot;$is_connected&quot;.",,6,https://playground.wordpress.net/scope:loyal-abandoned-village/wp-admin/plugin-editor.php?plugin=servertrack%2Fratuls-act.php&file=servertrack%2Fadmin%2Fviews%2Fsettings-google.php&line=43
admin/views/settings-google.php,48,102,ERROR,WordPress.WP.I18n.TextDomainMismatch,"Mismatched text domain. Expected 'servertrack' but got 'ratuls-act'.",https://developer.wordpress.org/plugins/internationalization/how-to-internationalize-your-plugin/,5,https://playground.wordpress.net/scope:loyal-abandoned-village/wp-admin/plugin-editor.php?plugin=servertrack%2Fratuls-act.php&file=servertrack%2Fadmin%2Fviews%2Fsettings-google.php&line=48
admin/views/settings-google.php,50,105,ERROR,WordPress.WP.I18n.TextDomainMismatch,"Mismatched text domain. Expected 'servertrack' but got 'ratuls-act'.",https://developer.wordpress.org/plugins/internationalization/how-to-internationalize-your-plugin/,5,https://playground.wordpress.net/scope:loyal-abandoned-village/wp-admin/plugin-editor.php?plugin=servertrack%2Fratuls-act.php&file=servertrack%2Fadmin%2Fviews%2Fsettings-google.php&line=50
admin/views/settings-google.php,55,109,ERROR,WordPress.WP.I18n.TextDomainMismatch,"Mismatched text domain. Expected 'servertrack' but got 'ratuls-act'.",https://developer.wordpress.org/plugins/internationalization/how-to-internationalize-your-plugin/,5,https://playground.wordpress.net/scope:loyal-abandoned-village/wp-admin/plugin-editor.php?plugin=servertrack%2Fratuls-act.php&file=servertrack%2Fadmin%2Fviews%2Fsettings-google.php&line=55
admin/views/settings-google.php,59,69,ERROR,WordPress.WP.I18n.TextDomainMismatch,"Mismatched text domain. Expected 'servertrack' but got 'ratuls-act'.",https://developer.wordpress.org/plugins/internationalization/how-to-internationalize-your-plugin/,5,https://playground.wordpress.net/scope:loyal-abandoned-village/wp-admin/plugin-editor.php?plugin=servertrack%2Fratuls-act.php&file=servertrack%2Fadmin%2Fviews%2Fsettings-google.php&line=59
admin/views/settings-google.php,60,105,ERROR,WordPress.WP.I18n.TextDomainMismatch,"Mismatched text domain. Expected 'servertrack' but got 'ratuls-act'.",https://developer.wordpress.org/plugins/internationalization/how-to-internationalize-your-plugin/,5,https://playground.wordpress.net/scope:loyal-abandoned-village/wp-admin/plugin-editor.php?plugin=servertrack%2Fratuls-act.php&file=servertrack%2Fadmin%2Fviews%2Fsettings-google.php&line=60
admin/views/settings-google.php,67,156,ERROR,WordPress.WP.I18n.TextDomainMismatch,"Mismatched text domain. Expected 'servertrack' but got 'ratuls-act'.",https://developer.wordpress.org/plugins/internationalization/how-to-internationalize-your-plugin/,5,https://playground.wordpress.net/scope:loyal-abandoned-village/wp-admin/plugin-editor.php?plugin=servertrack%2Fratuls-act.php&file=servertrack%2Fadmin%2Fviews%2Fsettings-google.php&line=67
admin/views/settings-google.php,68,76,ERROR,WordPress.WP.I18n.TextDomainMismatch,"Mismatched text domain. Expected 'servertrack' but got 'ratuls-act'.",https://developer.wordpress.org/plugins/internationalization/how-to-internationalize-your-plugin/,5,https://playground.wordpress.net/scope:loyal-abandoned-village/wp-admin/plugin-editor.php?plugin=servertrack%2Fratuls-act.php&file=servertrack%2Fadmin%2Fviews%2Fsettings-google.php&line=68
admin/views/settings-google.php,72,142,ERROR,WordPress.WP.I18n.TextDomainMismatch,"Mismatched text domain. Expected 'servertrack' but got 'ratuls-act'.",https://developer.wordpress.org/plugins/internationalization/how-to-internationalize-your-plugin/,5,https://playground.wordpress.net/scope:loyal-abandoned-village/wp-admin/plugin-editor.php?plugin=servertrack%2Fratuls-act.php&file=servertrack%2Fadmin%2Fviews%2Fsettings-google.php&line=72
admin/views/settings-google.php,75,21,WARNING,WordPress.NamingConventions.PrefixAllGlobals.NonPrefixedVariableFound,"Global variables defined by a theme/plugin should start with the theme/plugin prefix. Found: &quot;$client_id&quot;.",,6,https://playground.wordpress.net/scope:loyal-abandoned-village/wp-admin/plugin-editor.php?plugin=servertrack%2Fratuls-act.php&file=servertrack%2Fadmin%2Fviews%2Fsettings-google.php&line=75
admin/views/settings-google.php,76,21,WARNING,WordPress.NamingConventions.PrefixAllGlobals.NonPrefixedVariableFound,"Global variables defined by a theme/plugin should start with the theme/plugin prefix. Found: &quot;$client_secret&quot;.",,6,https://playground.wordpress.net/scope:loyal-abandoned-village/wp-admin/plugin-editor.php?plugin=servertrack%2Fratuls-act.php&file=servertrack%2Fadmin%2Fviews%2Fsettings-google.php&line=76
admin/views/settings-google.php,77,21,WARNING,WordPress.NamingConventions.PrefixAllGlobals.NonPrefixedVariableFound,"Global variables defined by a theme/plugin should start with the theme/plugin prefix. Found: &quot;$redirect_uri&quot;.",,6,https://playground.wordpress.net/scope:loyal-abandoned-village/wp-admin/plugin-editor.php?plugin=servertrack%2Fratuls-act.php&file=servertrack%2Fadmin%2Fviews%2Fsettings-google.php&line=77
admin/views/settings-google.php,80,25,WARNING,WordPress.NamingConventions.PrefixAllGlobals.NonPrefixedVariableFound,"Global variables defined by a theme/plugin should start with the theme/plugin prefix. Found: &quot;$oauth_url&quot;.",,6,https://playground.wordpress.net/scope:loyal-abandoned-village/wp-admin/plugin-editor.php?plugin=servertrack%2Fratuls-act.php&file=servertrack%2Fadmin%2Fviews%2Fsettings-google.php&line=80
admin/views/settings-google.php,90,78,ERROR,WordPress.WP.I18n.TextDomainMismatch,"Mismatched text domain. Expected 'servertrack' but got 'ratuls-act'.",https://developer.wordpress.org/plugins/internationalization/how-to-internationalize-your-plugin/,5,https://playground.wordpress.net/scope:loyal-abandoned-village/wp-admin/plugin-editor.php?plugin=servertrack%2Fratuls-act.php&file=servertrack%2Fadmin%2Fviews%2Fsettings-google.php&line=90
admin/views/settings-google.php,93,133,ERROR,WordPress.WP.I18n.TextDomainMismatch,"Mismatched text domain. Expected 'servertrack' but got 'ratuls-act'.",https://developer.wordpress.org/plugins/internationalization/how-to-internationalize-your-plugin/,5,https://playground.wordpress.net/scope:loyal-abandoned-village/wp-admin/plugin-editor.php?plugin=servertrack%2Fratuls-act.php&file=servertrack%2Fadmin%2Fviews%2Fsettings-google.php&line=93
admin/views/settings-google.php,101,85,ERROR,WordPress.WP.I18n.TextDomainMismatch,"Mismatched text domain. Expected 'servertrack' but got 'ratuls-act'.",https://developer.wordpress.org/plugins/internationalization/how-to-internationalize-your-plugin/,5,https://playground.wordpress.net/scope:loyal-abandoned-village/wp-admin/plugin-editor.php?plugin=servertrack%2Fratuls-act.php&file=servertrack%2Fadmin%2Fviews%2Fsettings-google.php&line=101
admin/views/settings-google.php,105,149,ERROR,WordPress.WP.I18n.TextDomainMismatch,"Mismatched text domain. Expected 'servertrack' but got 'ratuls-act'.",https://developer.wordpress.org/plugins/internationalization/how-to-internationalize-your-plugin/,5,https://playground.wordpress.net/scope:loyal-abandoned-village/wp-admin/plugin-editor.php?plugin=servertrack%2Fratuls-act.php&file=servertrack%2Fadmin%2Fviews%2Fsettings-google.php&line=105
admin/views/settings-google.php,108,99,ERROR,WordPress.WP.I18n.TextDomainMismatch,"Mismatched text domain. Expected 'servertrack' but got 'ratuls-act'.",https://developer.wordpress.org/plugins/internationalization/how-to-internationalize-your-plugin/,5,https://playground.wordpress.net/scope:loyal-abandoned-village/wp-admin/plugin-editor.php?plugin=servertrack%2Fratuls-act.php&file=servertrack%2Fadmin%2Fviews%2Fsettings-google.php&line=108
admin/views/settings-google.php,109,107,ERROR,WordPress.WP.I18n.TextDomainMismatch,"Mismatched text domain. Expected 'servertrack' but got 'ratuls-act'.",https://developer.wordpress.org/plugins/internationalization/how-to-internationalize-your-plugin/,5,https://playground.wordpress.net/scope:loyal-abandoned-village/wp-admin/plugin-editor.php?plugin=servertrack%2Fratuls-act.php&file=servertrack%2Fadmin%2Fviews%2Fsettings-google.php&line=109
admin/views/settings-google.php,111,128,ERROR,WordPress.WP.I18n.TextDomainMismatch,"Mismatched text domain. Expected 'servertrack' but got 'ratuls-act'.",https://developer.wordpress.org/plugins/internationalization/how-to-internationalize-your-plugin/,5,https://playground.wordpress.net/scope:loyal-abandoned-village/wp-admin/plugin-editor.php?plugin=servertrack%2Fratuls-act.php&file=servertrack%2Fadmin%2Fviews%2Fsettings-google.php&line=111
admin/views/settings-google.php,113,90,ERROR,WordPress.WP.I18n.TextDomainMismatch,"Mismatched text domain. Expected 'servertrack' but got 'ratuls-act'.",https://developer.wordpress.org/plugins/internationalization/how-to-internationalize-your-plugin/,5,https://playground.wordpress.net/scope:loyal-abandoned-village/wp-admin/plugin-editor.php?plugin=servertrack%2Fratuls-act.php&file=servertrack%2Fadmin%2Fviews%2Fsettings-google.php&line=113
admin/views/settings-google.php,114,144,ERROR,WordPress.WP.I18n.TextDomainMismatch,"Mismatched text domain. Expected 'servertrack' but got 'ratuls-act'.",https://developer.wordpress.org/plugins/internationalization/how-to-internationalize-your-plugin/,5,https://playground.wordpress.net/scope:loyal-abandoned-village/wp-admin/plugin-editor.php?plugin=servertrack%2Fratuls-act.php&file=servertrack%2Fadmin%2Fviews%2Fsettings-google.php&line=114
admin/views/settings-google.php,122,112,ERROR,WordPress.WP.I18n.TextDomainMismatch,"Mismatched text domain. Expected 'servertrack' but got 'ratuls-act'.",https://developer.wordpress.org/plugins/internationalization/how-to-internationalize-your-plugin/,5,https://playground.wordpress.net/scope:loyal-abandoned-village/wp-admin/plugin-editor.php?plugin=servertrack%2Fratuls-act.php&file=servertrack%2Fadmin%2Fviews%2Fsettings-google.php&line=122
admin/views/settings-google.php,128,157,ERROR,WordPress.WP.I18n.TextDomainMismatch,"Mismatched text domain. Expected 'servertrack' but got 'ratuls-act'.",https://developer.wordpress.org/plugins/internationalization/how-to-internationalize-your-plugin/,5,https://playground.wordpress.net/scope:loyal-abandoned-village/wp-admin/plugin-editor.php?plugin=servertrack%2Fratuls-act.php&file=servertrack%2Fadmin%2Fviews%2Fsettings-google.php&line=128
admin/views/settings-google.php,134,112,ERROR,WordPress.WP.I18n.TextDomainMismatch,"Mismatched text domain. Expected 'servertrack' but got 'ratuls-act'.",https://developer.wordpress.org/plugins/internationalization/how-to-internationalize-your-plugin/,5,https://playground.wordpress.net/scope:loyal-abandoned-village/wp-admin/plugin-editor.php?plugin=servertrack%2Fratuls-act.php&file=servertrack%2Fadmin%2Fviews%2Fsettings-google.php&line=134
admin/views/settings-google.php,140,133,ERROR,WordPress.WP.I18n.TextDomainMismatch,"Mismatched text domain. Expected 'servertrack' but got 'ratuls-act'.",https://developer.wordpress.org/plugins/internationalization/how-to-internationalize-your-plugin/,5,https://playground.wordpress.net/scope:loyal-abandoned-village/wp-admin/plugin-editor.php?plugin=servertrack%2Fratuls-act.php&file=servertrack%2Fadmin%2Fviews%2Fsettings-google.php&line=140
admin/views/settings-google.php,146,111,ERROR,WordPress.WP.I18n.TextDomainMismatch,"Mismatched text domain. Expected 'servertrack' but got 'ratuls-act'.",https://developer.wordpress.org/plugins/internationalization/how-to-internationalize-your-plugin/,5,https://playground.wordpress.net/scope:loyal-abandoned-village/wp-admin/plugin-editor.php?plugin=servertrack%2Fratuls-act.php&file=servertrack%2Fadmin%2Fviews%2Fsettings-google.php&line=146
admin/views/settings-google.php,152,132,ERROR,WordPress.WP.I18n.TextDomainMismatch,"Mismatched text domain. Expected 'servertrack' but got 'ratuls-act'.",https://developer.wordpress.org/plugins/internationalization/how-to-internationalize-your-plugin/,5,https://playground.wordpress.net/scope:loyal-abandoned-village/wp-admin/plugin-editor.php?plugin=servertrack%2Fratuls-act.php&file=servertrack%2Fadmin%2Fviews%2Fsettings-google.php&line=152
admin/views/settings-google.php,158,77,ERROR,WordPress.WP.I18n.TextDomainMismatch,"Mismatched text domain. Expected 'servertrack' but got 'ratuls-act'.",https://developer.wordpress.org/plugins/internationalization/how-to-internationalize-your-plugin/,5,https://playground.wordpress.net/scope:loyal-abandoned-village/wp-admin/plugin-editor.php?plugin=servertrack%2Fratuls-act.php&file=servertrack%2Fadmin%2Fviews%2Fsettings-google.php&line=158
admin/views/settings-google.php,161,112,ERROR,WordPress.WP.I18n.TextDomainMismatch,"Mismatched text domain. Expected 'servertrack' but got 'ratuls-act'.",https://developer.wordpress.org/plugins/internationalization/how-to-internationalize-your-plugin/,5,https://playground.wordpress.net/scope:loyal-abandoned-village/wp-admin/plugin-editor.php?plugin=servertrack%2Fratuls-act.php&file=servertrack%2Fadmin%2Fviews%2Fsettings-google.php&line=161
admin/views/settings-google.php,168,110,ERROR,WordPress.WP.I18n.TextDomainMismatch,"Mismatched text domain. Expected 'servertrack' but got 'ratuls-act'.",https://developer.wordpress.org/plugins/internationalization/how-to-internationalize-your-plugin/,5,https://playground.wordpress.net/scope:loyal-abandoned-village/wp-admin/plugin-editor.php?plugin=servertrack%2Fratuls-act.php&file=servertrack%2Fadmin%2Fviews%2Fsettings-google.php&line=168
admin/views/settings-google.php,176,116,ERROR,WordPress.WP.I18n.TextDomainMismatch,"Mismatched text domain. Expected 'servertrack' but got 'ratuls-act'.",https://developer.wordpress.org/plugins/internationalization/how-to-internationalize-your-plugin/,5,https://playground.wordpress.net/scope:loyal-abandoned-village/wp-admin/plugin-editor.php?plugin=servertrack%2Fratuls-act.php&file=servertrack%2Fadmin%2Fviews%2Fsettings-google.php&line=176
admin/views/settings-google.php,178,210,ERROR,WordPress.WP.I18n.TextDomainMismatch,"Mismatched text domain. Expected 'servertrack' but got 'ratuls-act'.",https://developer.wordpress.org/plugins/internationalization/how-to-internationalize-your-plugin/,5,https://playground.wordpress.net/scope:loyal-abandoned-village/wp-admin/plugin-editor.php?plugin=servertrack%2Fratuls-act.php&file=servertrack%2Fadmin%2Fviews%2Fsettings-google.php&line=178
admin/views/settings-google.php,185,109,ERROR,WordPress.WP.I18n.TextDomainMismatch,"Mismatched text domain. Expected 'servertrack' but got 'ratuls-act'.",https://developer.wordpress.org/plugins/internationalization/how-to-internationalize-your-plugin/,5,https://playground.wordpress.net/scope:loyal-abandoned-village/wp-admin/plugin-editor.php?plugin=servertrack%2Fratuls-act.php&file=servertrack%2Fadmin%2Fviews%2Fsettings-google.php&line=185
admin/views/settings-google.php,191,127,ERROR,WordPress.WP.I18n.TextDomainMismatch,"Mismatched text domain. Expected 'servertrack' but got 'ratuls-act'.",https://developer.wordpress.org/plugins/internationalization/how-to-internationalize-your-plugin/,5,https://playground.wordpress.net/scope:loyal-abandoned-village/wp-admin/plugin-editor.php?plugin=servertrack%2Fratuls-act.php&file=servertrack%2Fadmin%2Fviews%2Fsettings-google.php&line=191
admin/views/settings-google.php,197,103,ERROR,WordPress.WP.I18n.TextDomainMismatch,"Mismatched text domain. Expected 'servertrack' but got 'ratuls-act'.",https://developer.wordpress.org/plugins/internationalization/how-to-internationalize-your-plugin/,5,https://playground.wordpress.net/scope:loyal-abandoned-village/wp-admin/plugin-editor.php?plugin=servertrack%2Fratuls-act.php&file=servertrack%2Fadmin%2Fviews%2Fsettings-google.php&line=197
admin/views/settings-google.php,208,111,ERROR,WordPress.WP.I18n.TextDomainMismatch,"Mismatched text domain. Expected 'servertrack' but got 'ratuls-act'.",https://developer.wordpress.org/plugins/internationalization/how-to-internationalize-your-plugin/,5,https://playground.wordpress.net/scope:loyal-abandoned-village/wp-admin/plugin-editor.php?plugin=servertrack%2Fratuls-act.php&file=servertrack%2Fadmin%2Fviews%2Fsettings-google.php&line=208
admin/views/settings-google.php,220,68,ERROR,WordPress.WP.I18n.TextDomainMismatch,"Mismatched text domain. Expected 'servertrack' but got 'ratuls-act'.",https://developer.wordpress.org/plugins/internationalization/how-to-internationalize-your-plugin/,5,https://playground.wordpress.net/scope:loyal-abandoned-village/wp-admin/plugin-editor.php?plugin=servertrack%2Fratuls-act.php&file=servertrack%2Fadmin%2Fviews%2Fsettings-google.php&line=220
admin/views/settings-google.php,224,108,ERROR,WordPress.WP.I18n.TextDomainMismatch,"Mismatched text domain. Expected 'servertrack' but got 'ratuls-act'.",https://developer.wordpress.org/plugins/internationalization/how-to-internationalize-your-plugin/,5,https://playground.wordpress.net/scope:loyal-abandoned-village/wp-admin/plugin-editor.php?plugin=servertrack%2Fratuls-act.php&file=servertrack%2Fadmin%2Fviews%2Fsettings-google.php&line=224
admin/views/settings-google.php,249,65,ERROR,WordPress.WP.I18n.TextDomainMismatch,"Mismatched text domain. Expected 'servertrack' but got 'ratuls-act'.",https://developer.wordpress.org/plugins/internationalization/how-to-internationalize-your-plugin/,5,https://playground.wordpress.net/scope:loyal-abandoned-village/wp-admin/plugin-editor.php?plugin=servertrack%2Fratuls-act.php&file=servertrack%2Fadmin%2Fviews%2Fsettings-google.php&line=249
admin/views/settings-google.php,250,85,ERROR,WordPress.WP.I18n.TextDomainMismatch,"Mismatched text domain. Expected 'servertrack' but got 'ratuls-act'.",https://developer.wordpress.org/plugins/internationalization/how-to-internationalize-your-plugin/,5,https://playground.wordpress.net/scope:loyal-abandoned-village/wp-admin/plugin-editor.php?plugin=servertrack%2Fratuls-act.php&file=servertrack%2Fadmin%2Fviews%2Fsettings-google.php&line=250
admin/views/settings-meta.php,11,63,ERROR,WordPress.WP.I18n.TextDomainMismatch,"Mismatched text domain. Expected 'servertrack' but got 'ratuls-act'.",https://developer.wordpress.org/plugins/internationalization/how-to-internationalize-your-plugin/,5,https://playground.wordpress.net/scope:loyal-abandoned-village/wp-admin/plugin-editor.php?plugin=servertrack%2Fratuls-act.php&file=servertrack%2Fadmin%2Fviews%2Fsettings-meta.php&line=11
admin/views/settings-meta.php,19,116,ERROR,WordPress.WP.I18n.TextDomainMismatch,"Mismatched text domain. Expected 'servertrack' but got 'ratuls-act'.",https://developer.wordpress.org/plugins/internationalization/how-to-internationalize-your-plugin/,5,https://playground.wordpress.net/scope:loyal-abandoned-village/wp-admin/plugin-editor.php?plugin=servertrack%2Fratuls-act.php&file=servertrack%2Fadmin%2Fviews%2Fsettings-meta.php&line=19
admin/views/settings-meta.php,24,98,ERROR,WordPress.WP.I18n.TextDomainMismatch,"Mismatched text domain. Expected 'servertrack' but got 'ratuls-act'.",https://developer.wordpress.org/plugins/internationalization/how-to-internationalize-your-plugin/,5,https://playground.wordpress.net/scope:loyal-abandoned-village/wp-admin/plugin-editor.php?plugin=servertrack%2Fratuls-act.php&file=servertrack%2Fadmin%2Fviews%2Fsettings-meta.php&line=24
admin/views/settings-meta.php,36,113,ERROR,WordPress.WP.I18n.TextDomainMismatch,"Mismatched text domain. Expected 'servertrack' but got 'ratuls-act'.",https://developer.wordpress.org/plugins/internationalization/how-to-internationalize-your-plugin/,5,https://playground.wordpress.net/scope:loyal-abandoned-village/wp-admin/plugin-editor.php?plugin=servertrack%2Fratuls-act.php&file=servertrack%2Fadmin%2Fviews%2Fsettings-meta.php&line=36
admin/views/settings-meta.php,44,123,ERROR,WordPress.WP.I18n.TextDomainMismatch,"Mismatched text domain. Expected 'servertrack' but got 'ratuls-act'.",https://developer.wordpress.org/plugins/internationalization/how-to-internationalize-your-plugin/,5,https://playground.wordpress.net/scope:loyal-abandoned-village/wp-admin/plugin-editor.php?plugin=servertrack%2Fratuls-act.php&file=servertrack%2Fadmin%2Fviews%2Fsettings-meta.php&line=44
admin/views/settings-meta.php,49,75,ERROR,WordPress.WP.I18n.TextDomainMismatch,"Mismatched text domain. Expected 'servertrack' but got 'ratuls-act'.",https://developer.wordpress.org/plugins/internationalization/how-to-internationalize-your-plugin/,5,https://playground.wordpress.net/scope:loyal-abandoned-village/wp-admin/plugin-editor.php?plugin=servertrack%2Fratuls-act.php&file=servertrack%2Fadmin%2Fviews%2Fsettings-meta.php&line=49
admin/views/settings-meta.php,52,105,ERROR,WordPress.WP.I18n.TextDomainMismatch,"Mismatched text domain. Expected 'servertrack' but got 'ratuls-act'.",https://developer.wordpress.org/plugins/internationalization/how-to-internationalize-your-plugin/,5,https://playground.wordpress.net/scope:loyal-abandoned-village/wp-admin/plugin-editor.php?plugin=servertrack%2Fratuls-act.php&file=servertrack%2Fadmin%2Fviews%2Fsettings-meta.php&line=52
admin/views/settings-meta.php,53,169,ERROR,WordPress.WP.I18n.TextDomainMismatch,"Mismatched text domain. Expected 'servertrack' but got 'ratuls-act'.",https://developer.wordpress.org/plugins/internationalization/how-to-internationalize-your-plugin/,5,https://playground.wordpress.net/scope:loyal-abandoned-village/wp-admin/plugin-editor.php?plugin=servertrack%2Fratuls-act.php&file=servertrack%2Fadmin%2Fviews%2Fsettings-meta.php&line=53
admin/views/settings-meta.php,60,86,ERROR,WordPress.WP.I18n.TextDomainMismatch,"Mismatched text domain. Expected 'servertrack' but got 'ratuls-act'.",https://developer.wordpress.org/plugins/internationalization/how-to-internationalize-your-plugin/,5,https://playground.wordpress.net/scope:loyal-abandoned-village/wp-admin/plugin-editor.php?plugin=servertrack%2Fratuls-act.php&file=servertrack%2Fadmin%2Fviews%2Fsettings-meta.php&line=60
admin/views/settings-meta.php,68,93,ERROR,WordPress.WP.I18n.TextDomainMismatch,"Mismatched text domain. Expected 'servertrack' but got 'ratuls-act'.",https://developer.wordpress.org/plugins/internationalization/how-to-internationalize-your-plugin/,5,https://playground.wordpress.net/scope:loyal-abandoned-village/wp-admin/plugin-editor.php?plugin=servertrack%2Fratuls-act.php&file=servertrack%2Fadmin%2Fviews%2Fsettings-meta.php&line=68
admin/views/settings-meta.php,76,98,ERROR,WordPress.WP.I18n.TextDomainMismatch,"Mismatched text domain. Expected 'servertrack' but got 'ratuls-act'.",https://developer.wordpress.org/plugins/internationalization/how-to-internationalize-your-plugin/,5,https://playground.wordpress.net/scope:loyal-abandoned-village/wp-admin/plugin-editor.php?plugin=servertrack%2Fratuls-act.php&file=servertrack%2Fadmin%2Fviews%2Fsettings-meta.php&line=76
admin/views/settings-meta.php,84,85,ERROR,WordPress.WP.I18n.TextDomainMismatch,"Mismatched text domain. Expected 'servertrack' but got 'ratuls-act'.",https://developer.wordpress.org/plugins/internationalization/how-to-internationalize-your-plugin/,5,https://playground.wordpress.net/scope:loyal-abandoned-village/wp-admin/plugin-editor.php?plugin=servertrack%2Fratuls-act.php&file=servertrack%2Fadmin%2Fviews%2Fsettings-meta.php&line=84
admin/views/settings-meta.php,92,97,ERROR,WordPress.WP.I18n.TextDomainMismatch,"Mismatched text domain. Expected 'servertrack' but got 'ratuls-act'.",https://developer.wordpress.org/plugins/internationalization/how-to-internationalize-your-plugin/,5,https://playground.wordpress.net/scope:loyal-abandoned-village/wp-admin/plugin-editor.php?plugin=servertrack%2Fratuls-act.php&file=servertrack%2Fadmin%2Fviews%2Fsettings-meta.php&line=92
admin/views/settings-meta.php,100,98,ERROR,WordPress.WP.I18n.TextDomainMismatch,"Mismatched text domain. Expected 'servertrack' but got 'ratuls-act'.",https://developer.wordpress.org/plugins/internationalization/how-to-internationalize-your-plugin/,5,https://playground.wordpress.net/scope:loyal-abandoned-village/wp-admin/plugin-editor.php?plugin=servertrack%2Fratuls-act.php&file=servertrack%2Fadmin%2Fviews%2Fsettings-meta.php&line=100
admin/views/settings-meta.php,108,88,ERROR,WordPress.WP.I18n.TextDomainMismatch,"Mismatched text domain. Expected 'servertrack' but got 'ratuls-act'.",https://developer.wordpress.org/plugins/internationalization/how-to-internationalize-your-plugin/,5,https://playground.wordpress.net/scope:loyal-abandoned-village/wp-admin/plugin-editor.php?plugin=servertrack%2Fratuls-act.php&file=servertrack%2Fadmin%2Fviews%2Fsettings-meta.php&line=108
admin/views/settings-meta.php,114,107,ERROR,WordPress.WP.I18n.TextDomainMismatch,"Mismatched text domain. Expected 'servertrack' but got 'ratuls-act'.",https://developer.wordpress.org/plugins/internationalization/how-to-internationalize-your-plugin/,5,https://playground.wordpress.net/scope:loyal-abandoned-village/wp-admin/plugin-editor.php?plugin=servertrack%2Fratuls-act.php&file=servertrack%2Fadmin%2Fviews%2Fsettings-meta.php&line=114
admin/views/settings-meta.php,123,132,ERROR,WordPress.WP.I18n.TextDomainMismatch,"Mismatched text domain. Expected 'servertrack' but got 'ratuls-act'.",https://developer.wordpress.org/plugins/internationalization/how-to-internationalize-your-plugin/,5,https://playground.wordpress.net/scope:loyal-abandoned-village/wp-admin/plugin-editor.php?plugin=servertrack%2Fratuls-act.php&file=servertrack%2Fadmin%2Fviews%2Fsettings-meta.php&line=123
admin/views/settings-meta.php,129,42,ERROR,WordPress.WP.I18n.TextDomainMismatch,"Mismatched text domain. Expected 'servertrack' but got 'ratuls-act'.",https://developer.wordpress.org/plugins/internationalization/how-to-internationalize-your-plugin/,5,https://playground.wordpress.net/scope:loyal-abandoned-village/wp-admin/plugin-editor.php?plugin=servertrack%2Fratuls-act.php&file=servertrack%2Fadmin%2Fviews%2Fsettings-meta.php&line=129
admin/views/settings-meta.php,130,95,ERROR,WordPress.WP.I18n.TextDomainMismatch,"Mismatched text domain. Expected 'servertrack' but got 'ratuls-act'.",https://developer.wordpress.org/plugins/internationalization/how-to-internationalize-your-plugin/,5,https://playground.wordpress.net/scope:loyal-abandoned-village/wp-admin/plugin-editor.php?plugin=servertrack%2Fratuls-act.php&file=servertrack%2Fadmin%2Fviews%2Fsettings-meta.php&line=130
admin/views/settings-meta.php,132,49,ERROR,WordPress.WP.I18n.TextDomainMismatch,"Mismatched text domain. Expected 'servertrack' but got 'ratuls-act'.",https://developer.wordpress.org/plugins/internationalization/how-to-internationalize-your-plugin/,5,https://playground.wordpress.net/scope:loyal-abandoned-village/wp-admin/plugin-editor.php?plugin=servertrack%2Fratuls-act.php&file=servertrack%2Fadmin%2Fviews%2Fsettings-meta.php&line=132
admin/views/settings-sources.php,14,40,ERROR,WordPress.WP.I18n.TextDomainMismatch,"Mismatched text domain. Expected 'servertrack' but got 'ratuls-act'.",https://developer.wordpress.org/plugins/internationalization/how-to-internationalize-your-plugin/,5,https://playground.wordpress.net/scope:loyal-abandoned-village/wp-admin/plugin-editor.php?plugin=servertrack%2Fratuls-act.php&file=servertrack%2Fadmin%2Fviews%2Fsettings-sources.php&line=14
admin/views/settings-sources.php,15,81,ERROR,WordPress.WP.I18n.TextDomainMismatch,"Mismatched text domain. Expected 'servertrack' but got 'ratuls-act'.",https://developer.wordpress.org/plugins/internationalization/how-to-internationalize-your-plugin/,5,https://playground.wordpress.net/scope:loyal-abandoned-village/wp-admin/plugin-editor.php?plugin=servertrack%2Fratuls-act.php&file=servertrack%2Fadmin%2Fviews%2Fsettings-sources.php&line=15
admin/views/settings-sources.php,22,58,ERROR,WordPress.WP.I18n.TextDomainMismatch,"Mismatched text domain. Expected 'servertrack' but got 'ratuls-act'.",https://developer.wordpress.org/plugins/internationalization/how-to-internationalize-your-plugin/,5,https://playground.wordpress.net/scope:loyal-abandoned-village/wp-admin/plugin-editor.php?plugin=servertrack%2Fratuls-act.php&file=servertrack%2Fadmin%2Fviews%2Fsettings-sources.php&line=22
admin/views/settings-sources.php,30,216,ERROR,WordPress.WP.I18n.TextDomainMismatch,"Mismatched text domain. Expected 'servertrack' but got 'ratuls-act'.",https://developer.wordpress.org/plugins/internationalization/how-to-internationalize-your-plugin/,5,https://playground.wordpress.net/scope:loyal-abandoned-village/wp-admin/plugin-editor.php?plugin=servertrack%2Fratuls-act.php&file=servertrack%2Fadmin%2Fviews%2Fsettings-sources.php&line=30
admin/views/settings-sources.php,38,63,ERROR,WordPress.WP.I18n.TextDomainMismatch,"Mismatched text domain. Expected 'servertrack' but got 'ratuls-act'.",https://developer.wordpress.org/plugins/internationalization/how-to-internationalize-your-plugin/,5,https://playground.wordpress.net/scope:loyal-abandoned-village/wp-admin/plugin-editor.php?plugin=servertrack%2Fratuls-act.php&file=servertrack%2Fadmin%2Fviews%2Fsettings-sources.php&line=38
admin/views/settings-sources.php,47,128,ERROR,WordPress.WP.I18n.TextDomainMismatch,"Mismatched text domain. Expected 'servertrack' but got 'ratuls-act'.",https://developer.wordpress.org/plugins/internationalization/how-to-internationalize-your-plugin/,5,https://playground.wordpress.net/scope:loyal-abandoned-village/wp-admin/plugin-editor.php?plugin=servertrack%2Fratuls-act.php&file=servertrack%2Fadmin%2Fviews%2Fsettings-sources.php&line=47
admin/views/settings-sources.php,51,230,ERROR,WordPress.WP.I18n.TextDomainMismatch,"Mismatched text domain. Expected 'servertrack' but got 'ratuls-act'.",https://developer.wordpress.org/plugins/internationalization/how-to-internationalize-your-plugin/,5,https://playground.wordpress.net/scope:loyal-abandoned-village/wp-admin/plugin-editor.php?plugin=servertrack%2Fratuls-act.php&file=servertrack%2Fadmin%2Fviews%2Fsettings-sources.php&line=51
admin/views/settings-sources.php,58,63,ERROR,WordPress.WP.I18n.TextDomainMismatch,"Mismatched text domain. Expected 'servertrack' but got 'ratuls-act'.",https://developer.wordpress.org/plugins/internationalization/how-to-internationalize-your-plugin/,5,https://playground.wordpress.net/scope:loyal-abandoned-village/wp-admin/plugin-editor.php?plugin=servertrack%2Fratuls-act.php&file=servertrack%2Fadmin%2Fviews%2Fsettings-sources.php&line=58
admin/views/settings-sources.php,66,178,ERROR,WordPress.WP.I18n.TextDomainMismatch,"Mismatched text domain. Expected 'servertrack' but got 'ratuls-act'.",https://developer.wordpress.org/plugins/internationalization/how-to-internationalize-your-plugin/,5,https://playground.wordpress.net/scope:loyal-abandoned-village/wp-admin/plugin-editor.php?plugin=servertrack%2Fratuls-act.php&file=servertrack%2Fadmin%2Fviews%2Fsettings-sources.php&line=66
admin/views/settings-sources.php,69,151,ERROR,WordPress.WP.I18n.TextDomainMismatch,"Mismatched text domain. Expected 'servertrack' but got 'ratuls-act'.",https://developer.wordpress.org/plugins/internationalization/how-to-internationalize-your-plugin/,5,https://playground.wordpress.net/scope:loyal-abandoned-village/wp-admin/plugin-editor.php?plugin=servertrack%2Fratuls-act.php&file=servertrack%2Fadmin%2Fviews%2Fsettings-sources.php&line=69
admin/views/settings-sources.php,78,68,ERROR,WordPress.WP.I18n.TextDomainMismatch,"Mismatched text domain. Expected 'servertrack' but got 'ratuls-act'.",https://developer.wordpress.org/plugins/internationalization/how-to-internationalize-your-plugin/,5,https://playground.wordpress.net/scope:loyal-abandoned-village/wp-admin/plugin-editor.php?plugin=servertrack%2Fratuls-act.php&file=servertrack%2Fadmin%2Fviews%2Fsettings-sources.php&line=78
admin/views/settings-sources.php,83,134,ERROR,WordPress.WP.I18n.TextDomainMismatch,"Mismatched text domain. Expected 'servertrack' but got 'ratuls-act'.",https://developer.wordpress.org/plugins/internationalization/how-to-internationalize-your-plugin/,5,https://playground.wordpress.net/scope:loyal-abandoned-village/wp-admin/plugin-editor.php?plugin=servertrack%2Fratuls-act.php&file=servertrack%2Fadmin%2Fviews%2Fsettings-sources.php&line=83
admin/views/settings-sources.php,90,54,ERROR,WordPress.WP.I18n.TextDomainMismatch,"Mismatched text domain. Expected 'servertrack' but got 'ratuls-act'.",https://developer.wordpress.org/plugins/internationalization/how-to-internationalize-your-plugin/,5,https://playground.wordpress.net/scope:loyal-abandoned-village/wp-admin/plugin-editor.php?plugin=servertrack%2Fratuls-act.php&file=servertrack%2Fadmin%2Fviews%2Fsettings-sources.php&line=90
admin/views/settings-sources.php,100,139,ERROR,WordPress.WP.I18n.TextDomainMismatch,"Mismatched text domain. Expected 'servertrack' but got 'ratuls-act'.",https://developer.wordpress.org/plugins/internationalization/how-to-internationalize-your-plugin/,5,https://playground.wordpress.net/scope:loyal-abandoned-village/wp-admin/plugin-editor.php?plugin=servertrack%2Fratuls-act.php&file=servertrack%2Fadmin%2Fviews%2Fsettings-sources.php&line=100
admin/views/settings-sources.php,103,158,ERROR,WordPress.WP.I18n.TextDomainMismatch,"Mismatched text domain. Expected 'servertrack' but got 'ratuls-act'.",https://developer.wordpress.org/plugins/internationalization/how-to-internationalize-your-plugin/,5,https://playground.wordpress.net/scope:loyal-abandoned-village/wp-admin/plugin-editor.php?plugin=servertrack%2Fratuls-act.php&file=servertrack%2Fadmin%2Fviews%2Fsettings-sources.php&line=103
admin/views/settings-sources.php,116,55,ERROR,WordPress.WP.I18n.TextDomainMismatch,"Mismatched text domain. Expected 'servertrack' but got 'ratuls-act'.",https://developer.wordpress.org/plugins/internationalization/how-to-internationalize-your-plugin/,5,https://playground.wordpress.net/scope:loyal-abandoned-village/wp-admin/plugin-editor.php?plugin=servertrack%2Fratuls-act.php&file=servertrack%2Fadmin%2Fviews%2Fsettings-sources.php&line=116
admin/views/settings-sources.php,126,129,ERROR,WordPress.WP.I18n.TextDomainMismatch,"Mismatched text domain. Expected 'servertrack' but got 'ratuls-act'.",https://developer.wordpress.org/plugins/internationalization/how-to-internationalize-your-plugin/,5,https://playground.wordpress.net/scope:loyal-abandoned-village/wp-admin/plugin-editor.php?plugin=servertrack%2Fratuls-act.php&file=servertrack%2Fadmin%2Fviews%2Fsettings-sources.php&line=126
admin/views/settings-sources.php,129,108,ERROR,WordPress.WP.I18n.TextDomainMismatch,"Mismatched text domain. Expected 'servertrack' but got 'ratuls-act'.",https://developer.wordpress.org/plugins/internationalization/how-to-internationalize-your-plugin/,5,https://playground.wordpress.net/scope:loyal-abandoned-village/wp-admin/plugin-editor.php?plugin=servertrack%2Fratuls-act.php&file=servertrack%2Fadmin%2Fviews%2Fsettings-sources.php&line=129
admin/views/settings-sources.php,142,56,ERROR,WordPress.WP.I18n.TextDomainMismatch,"Mismatched text domain. Expected 'servertrack' but got 'ratuls-act'.",https://developer.wordpress.org/plugins/internationalization/how-to-internationalize-your-plugin/,5,https://playground.wordpress.net/scope:loyal-abandoned-village/wp-admin/plugin-editor.php?plugin=servertrack%2Fratuls-act.php&file=servertrack%2Fadmin%2Fviews%2Fsettings-sources.php&line=142
admin/views/settings-sources.php,152,153,ERROR,WordPress.WP.I18n.TextDomainMismatch,"Mismatched text domain. Expected 'servertrack' but got 'ratuls-act'.",https://developer.wordpress.org/plugins/internationalization/how-to-internationalize-your-plugin/,5,https://playground.wordpress.net/scope:loyal-abandoned-village/wp-admin/plugin-editor.php?plugin=servertrack%2Fratuls-act.php&file=servertrack%2Fadmin%2Fviews%2Fsettings-sources.php&line=152
admin/views/settings-sources.php,155,125,ERROR,WordPress.WP.I18n.TextDomainMismatch,"Mismatched text domain. Expected 'servertrack' but got 'ratuls-act'.",https://developer.wordpress.org/plugins/internationalization/how-to-internationalize-your-plugin/,5,https://playground.wordpress.net/scope:loyal-abandoned-village/wp-admin/plugin-editor.php?plugin=servertrack%2Fratuls-act.php&file=servertrack%2Fadmin%2Fviews%2Fsettings-sources.php&line=155
admin/views/settings-sources.php,167,61,ERROR,WordPress.WP.I18n.TextDomainMismatch,"Mismatched text domain. Expected 'servertrack' but got 'ratuls-act'.",https://developer.wordpress.org/plugins/internationalization/how-to-internationalize-your-plugin/,5,https://playground.wordpress.net/scope:loyal-abandoned-village/wp-admin/plugin-editor.php?plugin=servertrack%2Fratuls-act.php&file=servertrack%2Fadmin%2Fviews%2Fsettings-sources.php&line=167
admin/views/settings-sources.php,175,139,ERROR,WordPress.WP.I18n.TextDomainMismatch,"Mismatched text domain. Expected 'servertrack' but got 'ratuls-act'.",https://developer.wordpress.org/plugins/internationalization/how-to-internationalize-your-plugin/,5,https://playground.wordpress.net/scope:loyal-abandoned-village/wp-admin/plugin-editor.php?plugin=servertrack%2Fratuls-act.php&file=servertrack%2Fadmin%2Fviews%2Fsettings-sources.php&line=175
admin/views/settings-sources.php,187,69,ERROR,WordPress.WP.I18n.TextDomainMismatch,"Mismatched text domain. Expected 'servertrack' but got 'ratuls-act'.",https://developer.wordpress.org/plugins/internationalization/how-to-internationalize-your-plugin/,5,https://playground.wordpress.net/scope:loyal-abandoned-village/wp-admin/plugin-editor.php?plugin=servertrack%2Fratuls-act.php&file=servertrack%2Fadmin%2Fviews%2Fsettings-sources.php&line=187
admin/views/settings-sources.php,195,152,ERROR,WordPress.WP.I18n.TextDomainMismatch,"Mismatched text domain. Expected 'servertrack' but got 'ratuls-act'.",https://developer.wordpress.org/plugins/internationalization/how-to-internationalize-your-plugin/,5,https://playground.wordpress.net/scope:loyal-abandoned-village/wp-admin/plugin-editor.php?plugin=servertrack%2Fratuls-act.php&file=servertrack%2Fadmin%2Fviews%2Fsettings-sources.php&line=195
admin/views/settings-sources.php,202,72,ERROR,WordPress.WP.I18n.TextDomainMismatch,"Mismatched text domain. Expected 'servertrack' but got 'ratuls-act'.",https://developer.wordpress.org/plugins/internationalization/how-to-internationalize-your-plugin/,5,https://playground.wordpress.net/scope:loyal-abandoned-village/wp-admin/plugin-editor.php?plugin=servertrack%2Fratuls-act.php&file=servertrack%2Fadmin%2Fviews%2Fsettings-sources.php&line=202
admin/views/settings-sources.php,210,165,ERROR,WordPress.WP.I18n.TextDomainMismatch,"Mismatched text domain. Expected 'servertrack' but got 'ratuls-act'.",https://developer.wordpress.org/plugins/internationalization/how-to-internationalize-your-plugin/,5,https://playground.wordpress.net/scope:loyal-abandoned-village/wp-admin/plugin-editor.php?plugin=servertrack%2Fratuls-act.php&file=servertrack%2Fadmin%2Fviews%2Fsettings-sources.php&line=210
admin/views/settings-sources.php,212,100,ERROR,WordPress.WP.I18n.TextDomainMismatch,"Mismatched text domain. Expected 'servertrack' but got 'ratuls-act'.",https://developer.wordpress.org/plugins/internationalization/how-to-internationalize-your-plugin/,5,https://playground.wordpress.net/scope:loyal-abandoned-village/wp-admin/plugin-editor.php?plugin=servertrack%2Fratuls-act.php&file=servertrack%2Fadmin%2Fviews%2Fsettings-sources.php&line=212
admin/views/settings-tiktok.php,11,67,ERROR,WordPress.WP.I18n.TextDomainMismatch,"Mismatched text domain. Expected 'servertrack' but got 'ratuls-act'.",https://developer.wordpress.org/plugins/internationalization/how-to-internationalize-your-plugin/,5,https://playground.wordpress.net/scope:loyal-abandoned-village/wp-admin/plugin-editor.php?plugin=servertrack%2Fratuls-act.php&file=servertrack%2Fadmin%2Fviews%2Fsettings-tiktok.php&line=11
admin/views/settings-tiktok.php,19,113,ERROR,WordPress.WP.I18n.TextDomainMismatch,"Mismatched text domain. Expected 'servertrack' but got 'ratuls-act'.",https://developer.wordpress.org/plugins/internationalization/how-to-internationalize-your-plugin/,5,https://playground.wordpress.net/scope:loyal-abandoned-village/wp-admin/plugin-editor.php?plugin=servertrack%2Fratuls-act.php&file=servertrack%2Fadmin%2Fviews%2Fsettings-tiktok.php&line=19
admin/views/settings-tiktok.php,24,102,ERROR,WordPress.WP.I18n.TextDomainMismatch,"Mismatched text domain. Expected 'servertrack' but got 'ratuls-act'.",https://developer.wordpress.org/plugins/internationalization/how-to-internationalize-your-plugin/,5,https://playground.wordpress.net/scope:loyal-abandoned-village/wp-admin/plugin-editor.php?plugin=servertrack%2Fratuls-act.php&file=servertrack%2Fadmin%2Fviews%2Fsettings-tiktok.php&line=24
admin/views/settings-tiktok.php,33,117,ERROR,WordPress.WP.I18n.TextDomainMismatch,"Mismatched text domain. Expected 'servertrack' but got 'ratuls-act'.",https://developer.wordpress.org/plugins/internationalization/how-to-internationalize-your-plugin/,5,https://playground.wordpress.net/scope:loyal-abandoned-village/wp-admin/plugin-editor.php?plugin=servertrack%2Fratuls-act.php&file=servertrack%2Fadmin%2Fviews%2Fsettings-tiktok.php&line=33
admin/views/settings-tiktok.php,37,103,ERROR,WordPress.WP.I18n.TextDomainMismatch,"Mismatched text domain. Expected 'servertrack' but got 'ratuls-act'.",https://developer.wordpress.org/plugins/internationalization/how-to-internationalize-your-plugin/,5,https://playground.wordpress.net/scope:loyal-abandoned-village/wp-admin/plugin-editor.php?plugin=servertrack%2Fratuls-act.php&file=servertrack%2Fadmin%2Fviews%2Fsettings-tiktok.php&line=37
admin/views/settings-tiktok.php,45,127,ERROR,WordPress.WP.I18n.TextDomainMismatch,"Mismatched text domain. Expected 'servertrack' but got 'ratuls-act'.",https://developer.wordpress.org/plugins/internationalization/how-to-internationalize-your-plugin/,5,https://playground.wordpress.net/scope:loyal-abandoned-village/wp-admin/plugin-editor.php?plugin=servertrack%2Fratuls-act.php&file=servertrack%2Fadmin%2Fviews%2Fsettings-tiktok.php&line=45
admin/views/settings-tiktok.php,51,42,ERROR,WordPress.WP.I18n.TextDomainMismatch,"Mismatched text domain. Expected 'servertrack' but got 'ratuls-act'.",https://developer.wordpress.org/plugins/internationalization/how-to-internationalize-your-plugin/,5,https://playground.wordpress.net/scope:loyal-abandoned-village/wp-admin/plugin-editor.php?plugin=servertrack%2Fratuls-act.php&file=servertrack%2Fadmin%2Fviews%2Fsettings-tiktok.php&line=51
admin/views/settings-tiktok.php,52,103,ERROR,WordPress.WP.I18n.TextDomainMismatch,"Mismatched text domain. Expected 'servertrack' but got 'ratuls-act'.",https://developer.wordpress.org/plugins/internationalization/how-to-internationalize-your-plugin/,5,https://playground.wordpress.net/scope:loyal-abandoned-village/wp-admin/plugin-editor.php?plugin=servertrack%2Fratuls-act.php&file=servertrack%2Fadmin%2Fviews%2Fsettings-tiktok.php&line=52
admin/views/settings-tiktok.php,54,51,ERROR,WordPress.WP.I18n.TextDomainMismatch,"Mismatched text domain. Expected 'servertrack' but got 'ratuls-act'.",https://developer.wordpress.org/plugins/internationalization/how-to-internationalize-your-plugin/,5,https://playground.wordpress.net/scope:loyal-abandoned-village/wp-admin/plugin-editor.php?plugin=servertrack%2Fratuls-act.php&file=servertrack%2Fadmin%2Fviews%2Fsettings-tiktok.php&line=54
frontend/class-ratuls-act-frontend.php,186,75,WARNING,WordPress.Security.ValidatedSanitizedInput.InputNotSanitized,"Detected usage of a non-sanitized input variable: $_SERVER[&#039;HTTP_USER_AGENT&#039;]",,5,https://playground.wordpress.net/scope:loyal-abandoned-village/wp-admin/plugin-editor.php?plugin=servertrack%2Fratuls-act.php&file=servertrack%2Ffrontend%2Fclass-ratuls-act-frontend.php&line=186
frontend/class-ratuls-act-frontend.php,294,68,WARNING,WordPress.Security.ValidatedSanitizedInput.InputNotSanitized,"Detected usage of a non-sanitized input variable: $_SERVER[&#039;HTTP_X_FORWARDED_FOR&#039;]",,5,https://playground.wordpress.net/scope:loyal-abandoned-village/wp-admin/plugin-editor.php?plugin=servertrack%2Fratuls-act.php&file=servertrack%2Ffrontend%2Fclass-ratuls-act-frontend.php&line=294
frontend/class-ratuls-act-frontend.php,423,57,ERROR,WordPress.WP.I18n.TextDomainMismatch,"Mismatched text domain. Expected 'servertrack' but got 'ratuls-act'.",https://developer.wordpress.org/plugins/internationalization/how-to-internationalize-your-plugin/,5,https://playground.wordpress.net/scope:loyal-abandoned-village/wp-admin/plugin-editor.php?plugin=servertrack%2Fratuls-act.php&file=servertrack%2Ffrontend%2Fclass-ratuls-act-frontend.php&line=423
frontend/class-ratuls-act-frontend.php,515,34,WARNING,WordPress.Security.ValidatedSanitizedInput.MissingUnslash,"$_SERVER[&#039;HTTP_USER_AGENT&#039;] not unslashed before sanitization. Use wp_unslash() or similar",,5,https://playground.wordpress.net/scope:loyal-abandoned-village/wp-admin/plugin-editor.php?plugin=servertrack%2Fratuls-act.php&file=servertrack%2Ffrontend%2Fclass-ratuls-act-frontend.php&line=515
frontend/class-ratuls-act-frontend.php,515,34,WARNING,WordPress.Security.ValidatedSanitizedInput.InputNotSanitized,"Detected usage of a non-sanitized input variable: $_SERVER[&#039;HTTP_USER_AGENT&#039;]",,5,https://playground.wordpress.net/scope:loyal-abandoned-village/wp-admin/plugin-editor.php?plugin=servertrack%2Fratuls-act.php&file=servertrack%2Ffrontend%2Fclass-ratuls-act-frontend.php&line=515
includes/class-ratuls-act-custom-events.php,146,42,ERROR,WordPress.WP.I18n.TextDomainMismatch,"Mismatched text domain. Expected 'servertrack' but got 'ratuls-act'.",https://developer.wordpress.org/plugins/internationalization/how-to-internationalize-your-plugin/,5,https://playground.wordpress.net/scope:loyal-abandoned-village/wp-admin/plugin-editor.php?plugin=servertrack%2Fratuls-act.php&file=servertrack%2Fincludes%2Fclass-ratuls-act-custom-events.php&line=146
includes/class-ratuls-act-custom-events.php,236,66,WARNING,WordPress.Security.ValidatedSanitizedInput.MissingUnslash,"$_SERVER[&#039;HTTP_X_FORWARDED_FOR&#039;] not unslashed before sanitization. Use wp_unslash() or similar",,5,https://playground.wordpress.net/scope:loyal-abandoned-village/wp-admin/plugin-editor.php?plugin=servertrack%2Fratuls-act.php&file=servertrack%2Fincludes%2Fclass-ratuls-act-custom-events.php&line=236
includes/class-ratuls-act-custom-events.php,236,66,WARNING,WordPress.Security.ValidatedSanitizedInput.InputNotSanitized,"Detected usage of a non-sanitized input variable: $_SERVER[&#039;HTTP_X_FORWARDED_FOR&#039;]",,5,https://playground.wordpress.net/scope:loyal-abandoned-village/wp-admin/plugin-editor.php?plugin=servertrack%2Fratuls-act.php&file=servertrack%2Fincludes%2Fclass-ratuls-act-custom-events.php&line=236
includes/class-ratuls-act-pixel-dedup.php,279,47,ERROR,WordPress.WP.I18n.TextDomainMismatch,"Mismatched text domain. Expected 'servertrack' but got 'ratuls-act'.",https://developer.wordpress.org/plugins/internationalization/how-to-internationalize-your-plugin/,5,https://playground.wordpress.net/scope:loyal-abandoned-village/wp-admin/plugin-editor.php?plugin=servertrack%2Fratuls-act.php&file=servertrack%2Fincludes%2Fclass-ratuls-act-pixel-dedup.php&line=279
ratuls-act.php,0,0,WARNING,textdomain_mismatch,"The ""Text Domain"" header in the plugin file does not match the slug. Found ""ratuls-act"", expected ""servertrack"".",https://developer.wordpress.org/plugins/internationalization/how-to-internationalize-your-plugin/,6,https://playground.wordpress.net/scope:loyal-abandoned-village/wp-admin/plugin-editor.php?plugin=servertrack%2Fratuls-act.php&file=servertrack%2Fratuls-act.php
ratuls-act.php,309,50,ERROR,WordPress.WP.I18n.TextDomainMismatch,"Mismatched text domain. Expected 'servertrack' but got 'ratuls-act'.",https://developer.wordpress.org/plugins/internationalization/how-to-internationalize-your-plugin/,5,https://playground.wordpress.net/scope:loyal-abandoned-village/wp-admin/plugin-editor.php?plugin=servertrack%2Fratuls-act.php&file=servertrack%2Fratuls-act.php&line=309
ratuls-act.php,320,5,WARNING,WordPress.DB.DirectDatabaseQuery.DirectQuery,"Use of a direct database call is discouraged.",,5,https://playground.wordpress.net/scope:loyal-abandoned-village/wp-admin/plugin-editor.php?plugin=servertrack%2Fratuls-act.php&file=servertrack%2Fratuls-act.php&line=320
ratuls-act.php,320,5,WARNING,WordPress.DB.DirectDatabaseQuery.NoCaching,"Direct database call without caching detected. Consider using wp_cache_get() / wp_cache_set() or wp_cache_delete().",,5,https://playground.wordpress.net/scope:loyal-abandoned-village/wp-admin/plugin-editor.php?plugin=servertrack%2Fratuls-act.php&file=servertrack%2Fratuls-act.php&line=320
sources/class-ratuls-act-woo-abandonment.php,101,68,ERROR,WordPress.WP.I18n.TextDomainMismatch,"Mismatched text domain. Expected 'servertrack' but got 'ratuls-act'.",https://developer.wordpress.org/plugins/internationalization/how-to-internationalize-your-plugin/,5,https://playground.wordpress.net/scope:loyal-abandoned-village/wp-admin/plugin-editor.php?plugin=servertrack%2Fratuls-act.php&file=servertrack%2Fsources%2Fclass-ratuls-act-woo-abandonment.php&line=101
sources/class-ratuls-act-woo-abandonment.php,377,68,WARNING,WordPress.Security.ValidatedSanitizedInput.InputNotSanitized,"Detected usage of a non-sanitized input variable: $_SERVER[&#039;HTTP_X_FORWARDED_FOR&#039;]",,5,https://playground.wordpress.net/scope:loyal-abandoned-village/wp-admin/plugin-editor.php?plugin=servertrack%2Fratuls-act.php&file=servertrack%2Fsources%2Fclass-ratuls-act-woo-abandonment.php&line=377
includes/class-ratuls-act-offline-conversion.php,256,46,ERROR,WordPress.Security.EscapeOutput.ExceptionNotEscaped,"All output should be run through an escaping function (see the Security sections in the WordPress Developer Handbooks), found '""Unknown platform: {$platform}""'.",https://developer.wordpress.org/apis/security/escaping/,5,https://playground.wordpress.net/scope:loyal-abandoned-village/wp-admin/plugin-editor.php?plugin=servertrack%2Fratuls-act.php&file=servertrack%2Fincludes%2Fclass-ratuls-act-offline-conversion.php&line=256
includes/class-ratuls-act-offline-conversion.php,260,42,ERROR,WordPress.Security.EscapeOutput.ExceptionNotEscaped,"All output should be run through an escaping function (see the Security sections in the WordPress Developer Handbooks), found '$response'.",https://developer.wordpress.org/apis/security/escaping/,5,https://playground.wordpress.net/scope:loyal-abandoned-village/wp-admin/plugin-editor.php?plugin=servertrack%2Fratuls-act.php&file=servertrack%2Fincludes%2Fclass-ratuls-act-offline-conversion.php&line=260
includes/class-ratuls-act-offline-conversion.php,266,42,ERROR,WordPress.Security.EscapeOutput.ExceptionNotEscaped,"All output should be run through an escaping function (see the Security sections in the WordPress Developer Handbooks), found '""API returned HTTP {$code}: {$body}""'.",https://developer.wordpress.org/apis/security/escaping/,5,https://playground.wordpress.net/scope:loyal-abandoned-village/wp-admin/plugin-editor.php?plugin=servertrack%2Fratuls-act.php&file=servertrack%2Fincludes%2Fclass-ratuls-act-offline-conversion.php&line=266
tests/bootstrap.php,19,10,WARNING,WordPress.NamingConventions.PrefixAllGlobals.NonPrefixedVariableFound,"Global variables defined by a theme/plugin should start with the theme/plugin prefix. Found: &quot;$_st_options&quot;.",,6,https://playground.wordpress.net/scope:loyal-abandoned-village/wp-admin/plugin-editor.php?plugin=servertrack%2Fratuls-act.php&file=servertrack%2Ftests%2Fbootstrap.php&line=19
tests/bootstrap.php,21,1,WARNING,WordPress.NamingConventions.PrefixAllGlobals.NonPrefixedFunctionFound,"Functions declared in the global namespace by a theme/plugin should start with the theme/plugin prefix. Found: &quot;get_option&quot;.",,6,https://playground.wordpress.net/scope:loyal-abandoned-village/wp-admin/plugin-editor.php?plugin=servertrack%2Fratuls-act.php&file=servertrack%2Ftests%2Fbootstrap.php&line=21
tests/bootstrap.php,25,1,WARNING,WordPress.NamingConventions.PrefixAllGlobals.NonPrefixedFunctionFound,"Functions declared in the global namespace by a theme/plugin should start with the theme/plugin prefix. Found: &quot;update_option&quot;.",,6,https://playground.wordpress.net/scope:loyal-abandoned-village/wp-admin/plugin-editor.php?plugin=servertrack%2Fratuls-act.php&file=servertrack%2Ftests%2Fbootstrap.php&line=25
tests/bootstrap.php,26,14,WARNING,WordPress.NamingConventions.PrefixAllGlobals.NonPrefixedVariableFound,"Global variables defined by a theme/plugin should start with the theme/plugin prefix. Found: &quot;$_st_options&quot;.",,6,https://playground.wordpress.net/scope:loyal-abandoned-village/wp-admin/plugin-editor.php?plugin=servertrack%2Fratuls-act.php&file=servertrack%2Ftests%2Fbootstrap.php&line=26
tests/bootstrap.php,30,1,WARNING,WordPress.NamingConventions.PrefixAllGlobals.NonPrefixedFunctionFound,"Functions declared in the global namespace by a theme/plugin should start with the theme/plugin prefix. Found: &quot;delete_option&quot;.",,6,https://playground.wordpress.net/scope:loyal-abandoned-village/wp-admin/plugin-editor.php?plugin=servertrack%2Fratuls-act.php&file=servertrack%2Ftests%2Fbootstrap.php&line=30
tests/bootstrap.php,35,1,WARNING,WordPress.NamingConventions.PrefixAllGlobals.NonPrefixedFunctionFound,"Functions declared in the global namespace by a theme/plugin should start with the theme/plugin prefix. Found: &quot;add_action&quot;.",,6,https://playground.wordpress.net/scope:loyal-abandoned-village/wp-admin/plugin-editor.php?plugin=servertrack%2Fratuls-act.php&file=servertrack%2Ftests%2Fbootstrap.php&line=35
tests/bootstrap.php,36,1,WARNING,WordPress.NamingConventions.PrefixAllGlobals.NonPrefixedFunctionFound,"Functions declared in the global namespace by a theme/plugin should start with the theme/plugin prefix. Found: &quot;add_filter&quot;.",,6,https://playground.wordpress.net/scope:loyal-abandoned-village/wp-admin/plugin-editor.php?plugin=servertrack%2Fratuls-act.php&file=servertrack%2Ftests%2Fbootstrap.php&line=36
tests/bootstrap.php,37,1,WARNING,WordPress.NamingConventions.PrefixAllGlobals.NonPrefixedFunctionFound,"Functions declared in the global namespace by a theme/plugin should start with the theme/plugin prefix. Found: &quot;get_woocommerce_currency&quot;.",,6,https://playground.wordpress.net/scope:loyal-abandoned-village/wp-admin/plugin-editor.php?plugin=servertrack%2Fratuls-act.php&file=servertrack%2Ftests%2Fbootstrap.php&line=37
tests/bootstrap.php,38,1,WARNING,WordPress.NamingConventions.PrefixAllGlobals.NonPrefixedFunctionFound,"Functions declared in the global namespace by a theme/plugin should start with the theme/plugin prefix. Found: &quot;get_current_user_id&quot;.",,6,https://playground.wordpress.net/scope:loyal-abandoned-village/wp-admin/plugin-editor.php?plugin=servertrack%2Fratuls-act.php&file=servertrack%2Ftests%2Fbootstrap.php&line=38
tests/bootstrap.php,39,1,WARNING,WordPress.NamingConventions.PrefixAllGlobals.NonPrefixedFunctionFound,"Functions declared in the global namespace by a theme/plugin should start with the theme/plugin prefix. Found: &quot;absint&quot;.",,6,https://playground.wordpress.net/scope:loyal-abandoned-village/wp-admin/plugin-editor.php?plugin=servertrack%2Fratuls-act.php&file=servertrack%2Ftests%2Fbootstrap.php&line=39
tests/bootstrap.php,40,1,WARNING,WordPress.NamingConventions.PrefixAllGlobals.NonPrefixedFunctionFound,"Functions declared in the global namespace by a theme/plugin should start with the theme/plugin prefix. Found: &quot;sanitize_text_field&quot;.",,6,https://playground.wordpress.net/scope:loyal-abandoned-village/wp-admin/plugin-editor.php?plugin=servertrack%2Fratuls-act.php&file=servertrack%2Ftests%2Fbootstrap.php&line=40
tests/bootstrap.php,41,1,WARNING,WordPress.NamingConventions.PrefixAllGlobals.NonPrefixedFunctionFound,"Functions declared in the global namespace by a theme/plugin should start with the theme/plugin prefix. Found: &quot;wp_unslash&quot;.",,6,https://playground.wordpress.net/scope:loyal-abandoned-village/wp-admin/plugin-editor.php?plugin=servertrack%2Fratuls-act.php&file=servertrack%2Ftests%2Fbootstrap.php&line=41
tests/bootstrap.php,42,1,WARNING,WordPress.NamingConventions.PrefixAllGlobals.NonPrefixedFunctionFound,"Functions declared in the global namespace by a theme/plugin should start with the theme/plugin prefix. Found: &quot;current_user_can&quot;.",,6,https://playground.wordpress.net/scope:loyal-abandoned-village/wp-admin/plugin-editor.php?plugin=servertrack%2Fratuls-act.php&file=servertrack%2Ftests%2Fbootstrap.php&line=42
tests/bootstrap.php,44,1,WARNING,WordPress.NamingConventions.PrefixAllGlobals.NonPrefixedFunctionFound,"Functions declared in the global namespace by a theme/plugin should start with the theme/plugin prefix. Found: &quot;wp_send_json_success&quot;.",,6,https://playground.wordpress.net/scope:loyal-abandoned-village/wp-admin/plugin-editor.php?plugin=servertrack%2Fratuls-act.php&file=servertrack%2Ftests%2Fbootstrap.php&line=44
tests/bootstrap.php,45,1,WARNING,WordPress.NamingConventions.PrefixAllGlobals.NonPrefixedFunctionFound,"Functions declared in the global namespace by a theme/plugin should start with the theme/plugin prefix. Found: &quot;wp_send_json_error&quot;.",,6,https://playground.wordpress.net/scope:loyal-abandoned-village/wp-admin/plugin-editor.php?plugin=servertrack%2Fratuls-act.php&file=servertrack%2Ftests%2Fbootstrap.php&line=45
tests/bootstrap.php,48,17,ERROR,WordPress.DateTime.RestrictedFunctions.date_date,"date() is affected by runtime timezone changes which can cause date/time to be incorrectly displayed. Use gmdate() instead.",,5,https://playground.wordpress.net/scope:loyal-abandoned-village/wp-admin/plugin-editor.php?plugin=servertrack%2Fratuls-act.php&file=servertrack%2Ftests%2Fbootstrap.php&line=48
tests/bootstrap.php,54,1,WARNING,WordPress.NamingConventions.PrefixAllGlobals.NonPrefixedClassFound,"Classes declared by a theme/plugin should start with the theme/plugin prefix. Found: &quot;WooCommerce&quot;.",,6,https://playground.wordpress.net/scope:loyal-abandoned-village/wp-admin/plugin-editor.php?plugin=servertrack%2Fratuls-act.php&file=servertrack%2Ftests%2Fbootstrap.php&line=54
tests/bootstrap.php,56,1,WARNING,WordPress.NamingConventions.PrefixAllGlobals.NonPrefixedFunctionFound,"Functions declared in the global namespace by a theme/plugin should start with the theme/plugin prefix. Found: &quot;wc_get_product&quot;.",,6,https://playground.wordpress.net/scope:loyal-abandoned-village/wp-admin/plugin-editor.php?plugin=servertrack%2Fratuls-act.php&file=servertrack%2Ftests%2Fbootstrap.php&line=56
tests/bootstrap.php,60,1,WARNING,WordPress.NamingConventions.PrefixAllGlobals.NonPrefixedFunctionFound,"Functions declared in the global namespace by a theme/plugin should start with the theme/plugin prefix. Found: &quot;wc_get_order&quot;.",,6,https://playground.wordpress.net/scope:loyal-abandoned-village/wp-admin/plugin-editor.php?plugin=servertrack%2Fratuls-act.php&file=servertrack%2Ftests%2Fbootstrap.php&line=60
tests/bootstrap.php,64,1,WARNING,WordPress.NamingConventions.PrefixAllGlobals.NonPrefixedClassFound,"Classes declared by a theme/plugin should start with the theme/plugin prefix. Found: &quot;WC_Order&quot;.",,6,https://playground.wordpress.net/scope:loyal-abandoned-village/wp-admin/plugin-editor.php?plugin=servertrack%2Fratuls-act.php&file=servertrack%2Ftests%2Fbootstrap.php&line=64
tests/bootstrap.php,82,1,WARNING,WordPress.NamingConventions.PrefixAllGlobals.NonPrefixedClassFound,"Classes declared by a theme/plugin should start with the theme/plugin prefix. Found: &quot;WC_Product&quot;.",,6,https://playground.wordpress.net/scope:loyal-abandoned-village/wp-admin/plugin-editor.php?plugin=servertrack%2Fratuls-act.php&file=servertrack%2Ftests%2Fbootstrap.php&line=82
tests/bootstrap.php,202,1,WARNING,WordPress.NamingConventions.PrefixAllGlobals.NonPrefixedFunctionFound,"Functions declared in the global namespace by a theme/plugin should start with the theme/plugin prefix. Found: &quot;get_transient&quot;.",,6,https://playground.wordpress.net/scope:loyal-abandoned-village/wp-admin/plugin-editor.php?plugin=servertrack%2Fratuls-act.php&file=servertrack%2Ftests%2Fbootstrap.php&line=202
tests/bootstrap.php,205,1,WARNING,WordPress.NamingConventions.PrefixAllGlobals.NonPrefixedFunctionFound,"Functions declared in the global namespace by a theme/plugin should start with the theme/plugin prefix. Found: &quot;set_transient&quot;.",,6,https://playground.wordpress.net/scope:loyal-abandoned-village/wp-admin/plugin-editor.php?plugin=servertrack%2Fratuls-act.php&file=servertrack%2Ftests%2Fbootstrap.php&line=205
tests/bootstrap.php,206,14,WARNING,WordPress.NamingConventions.PrefixAllGlobals.NonPrefixedVariableFound,"Global variables defined by a theme/plugin should start with the theme/plugin prefix. Found: &quot;$_st_transients&quot;.",,6,https://playground.wordpress.net/scope:loyal-abandoned-village/wp-admin/plugin-editor.php?plugin=servertrack%2Fratuls-act.php&file=servertrack%2Ftests%2Fbootstrap.php&line=206
tests/bootstrap.php,209,1,WARNING,WordPress.NamingConventions.PrefixAllGlobals.NonPrefixedFunctionFound,"Functions declared in the global namespace by a theme/plugin should start with the theme/plugin prefix. Found: &quot;delete_transient&quot;.",,6,https://playground.wordpress.net/scope:loyal-abandoned-village/wp-admin/plugin-editor.php?plugin=servertrack%2Fratuls-act.php&file=servertrack%2Ftests%2Fbootstrap.php&line=209
tests/bootstrap.php,213,1,WARNING,WordPress.NamingConventions.PrefixAllGlobals.NonPrefixedFunctionFound,"Functions declared in the global namespace by a theme/plugin should start with the theme/plugin prefix. Found: &quot;wp_generate_uuid4&quot;.",,6,https://playground.wordpress.net/scope:loyal-abandoned-village/wp-admin/plugin-editor.php?plugin=servertrack%2Fratuls-act.php&file=servertrack%2Ftests%2Fbootstrap.php&line=213
tests/bootstrap.php,217,1,WARNING,WordPress.NamingConventions.PrefixAllGlobals.NonPrefixedClassFound,"Classes declared by a theme/plugin should start with the theme/plugin prefix. Found: &quot;WCMock&quot;.",,6,https://playground.wordpress.net/scope:loyal-abandoned-village/wp-admin/plugin-editor.php?plugin=servertrack%2Fratuls-act.php&file=servertrack%2Ftests%2Fbootstrap.php&line=217
tests/bootstrap.php,223,1,WARNING,WordPress.NamingConventions.PrefixAllGlobals.NonPrefixedClassFound,"Classes declared by a theme/plugin should start with the theme/plugin prefix. Found: &quot;WCSessionMock&quot;.",,6,https://playground.wordpress.net/scope:loyal-abandoned-village/wp-admin/plugin-editor.php?plugin=servertrack%2Fratuls-act.php&file=servertrack%2Ftests%2Fbootstrap.php&line=223
tests/bootstrap.php,227,1,WARNING,WordPress.NamingConventions.PrefixAllGlobals.NonPrefixedFunctionFound,"Functions declared in the global namespace by a theme/plugin should start with the theme/plugin prefix. Found: &quot;WC&quot;.",,6,https://playground.wordpress.net/scope:loyal-abandoned-village/wp-admin/plugin-editor.php?plugin=servertrack%2Fratuls-act.php&file=servertrack%2Ftests%2Fbootstrap.php&line=227
tests/bootstrap.php,229,20,WARNING,WordPress.NamingConventions.PrefixAllGlobals.NonPrefixedVariableFound,"Global variables defined by a theme/plugin should start with the theme/plugin prefix. Found: &quot;$wc_mock&quot;.",,6,https://playground.wordpress.net/scope:loyal-abandoned-village/wp-admin/plugin-editor.php?plugin=servertrack%2Fratuls-act.php&file=servertrack%2Ftests%2Fbootstrap.php&line=229
readme.txt,0,0,ERROR,readme_mismatched_header_requires_php,"Mismatched Requires PHP: 7.4 != 8.0. ""Requires PHP"" needs to be exactly the same with that in your main plugin file's header.",https://developer.wordpress.org/plugins/wordpress-org/how-your-readme-txt-works/#readme-header-information,5,https://playground.wordpress.net/scope:loyal-abandoned-village/wp-admin/plugin-editor.php?plugin=servertrack%2Fratuls-act.php&file=servertrack%2Freadme.txt
tests/CookieHelperTest.php,0,0,ERROR,missing_direct_file_access_protection,"PHP file should prevent direct access. Add a check like: if ( ! defined( 'ABSPATH' ) ) exit;",https://developer.wordpress.org/plugins/wordpress-org/common-issues/#direct-file-access,6,https://playground.wordpress.net/scope:loyal-abandoned-village/wp-admin/plugin-editor.php?plugin=servertrack%2Fratuls-act.php&file=servertrack%2Ftests%2FCookieHelperTest.php
tests/CookieHelperTest.php,8,5,WARNING,WordPress.NamingConventions.PrefixAllGlobals.NonPrefixedFunctionFound,"Functions declared in the global namespace by a theme/plugin should start with the theme/plugin prefix. Found: &quot;is_admin&quot;.",,6,https://playground.wordpress.net/scope:loyal-abandoned-village/wp-admin/plugin-editor.php?plugin=servertrack%2Fratuls-act.php&file=servertrack%2Ftests%2FCookieHelperTest.php&line=8
tests/CookieHelperTest.php,12,5,WARNING,WordPress.NamingConventions.PrefixAllGlobals.NonPrefixedFunctionFound,"Functions declared in the global namespace by a theme/plugin should start with the theme/plugin prefix. Found: &quot;wp_doing_cron&quot;.",,6,https://playground.wordpress.net/scope:loyal-abandoned-village/wp-admin/plugin-editor.php?plugin=servertrack%2Fratuls-act.php&file=servertrack%2Ftests%2FCookieHelperTest.php&line=12
tests/CookieHelperTest.php,15,5,WARNING,WordPress.NamingConventions.PrefixAllGlobals.NonPrefixedFunctionFound,"Functions declared in the global namespace by a theme/plugin should start with the theme/plugin prefix. Found: &quot;home_url&quot;.",,6,https://playground.wordpress.net/scope:loyal-abandoned-village/wp-admin/plugin-editor.php?plugin=servertrack%2Fratuls-act.php&file=servertrack%2Ftests%2FCookieHelperTest.php&line=15
tests/CookieHelperTest.php,18,5,WARNING,WordPress.NamingConventions.PrefixAllGlobals.NonPrefixedFunctionFound,"Functions declared in the global namespace by a theme/plugin should start with the theme/plugin prefix. Found: &quot;wp_parse_url&quot;.",,6,https://playground.wordpress.net/scope:loyal-abandoned-village/wp-admin/plugin-editor.php?plugin=servertrack%2Fratuls-act.php&file=servertrack%2Ftests%2FCookieHelperTest.php&line=18
tests/CookieHelperTest.php,21,5,WARNING,WordPress.NamingConventions.PrefixAllGlobals.NonPrefixedFunctionFound,"Functions declared in the global namespace by a theme/plugin should start with the theme/plugin prefix. Found: &quot;is_ssl&quot;.",,6,https://playground.wordpress.net/scope:loyal-abandoned-village/wp-admin/plugin-editor.php?plugin=servertrack%2Fratuls-act.php&file=servertrack%2Ftests%2FCookieHelperTest.php&line=21
tests/CookieHelperTest.php,66,52,WARNING,WordPress.Security.ValidatedSanitizedInput.InputNotValidated,"Detected usage of a possibly undefined superglobal array index: $_COOKIE[&#039;_fbc&#039;]. Check that the array index exists before using it.",,5,https://playground.wordpress.net/scope:loyal-abandoned-village/wp-admin/plugin-editor.php?plugin=servertrack%2Fratuls-act.php&file=servertrack%2Ftests%2FCookieHelperTest.php&line=66
tests/CookieHelperTest.php,66,52,WARNING,WordPress.Security.ValidatedSanitizedInput.MissingUnslash,"$_COOKIE[&#039;_fbc&#039;] not unslashed before sanitization. Use wp_unslash() or similar",,5,https://playground.wordpress.net/scope:loyal-abandoned-village/wp-admin/plugin-editor.php?plugin=servertrack%2Fratuls-act.php&file=servertrack%2Ftests%2FCookieHelperTest.php&line=66
tests/CookieHelperTest.php,66,52,WARNING,WordPress.Security.ValidatedSanitizedInput.InputNotSanitized,"Detected usage of a non-sanitized input variable: $_COOKIE[&#039;_fbc&#039;]",,5,https://playground.wordpress.net/scope:loyal-abandoned-village/wp-admin/plugin-editor.php?plugin=servertrack%2Fratuls-act.php&file=servertrack%2Ftests%2FCookieHelperTest.php&line=66
tests/CookieHelperTest.php,67,59,WARNING,WordPress.Security.ValidatedSanitizedInput.InputNotValidated,"Detected usage of a possibly undefined superglobal array index: $_COOKIE[&#039;_fbc&#039;]. Check that the array index exists before using it.",,5,https://playground.wordpress.net/scope:loyal-abandoned-village/wp-admin/plugin-editor.php?plugin=servertrack%2Fratuls-act.php&file=servertrack%2Ftests%2FCookieHelperTest.php&line=67
tests/CookieHelperTest.php,67,59,WARNING,WordPress.Security.ValidatedSanitizedInput.MissingUnslash,"$_COOKIE[&#039;_fbc&#039;] not unslashed before sanitization. Use wp_unslash() or similar",,5,https://playground.wordpress.net/scope:loyal-abandoned-village/wp-admin/plugin-editor.php?plugin=servertrack%2Fratuls-act.php&file=servertrack%2Ftests%2FCookieHelperTest.php&line=67
tests/CookieHelperTest.php,67,59,WARNING,WordPress.Security.ValidatedSanitizedInput.InputNotSanitized,"Detected usage of a non-sanitized input variable: $_COOKIE[&#039;_fbc&#039;]",,5,https://playground.wordpress.net/scope:loyal-abandoned-village/wp-admin/plugin-editor.php?plugin=servertrack%2Fratuls-act.php&file=servertrack%2Ftests%2FCookieHelperTest.php&line=67
tests/CookieHelperTest.php,77,52,WARNING,WordPress.Security.ValidatedSanitizedInput.InputNotValidated,"Detected usage of a possibly undefined superglobal array index: $_COOKIE[&#039;_fbp&#039;]. Check that the array index exists before using it.",,5,https://playground.wordpress.net/scope:loyal-abandoned-village/wp-admin/plugin-editor.php?plugin=servertrack%2Fratuls-act.php&file=servertrack%2Ftests%2FCookieHelperTest.php&line=77
tests/CookieHelperTest.php,77,52,WARNING,WordPress.Security.ValidatedSanitizedInput.MissingUnslash,"$_COOKIE[&#039;_fbp&#039;] not unslashed before sanitization. Use wp_unslash() or similar",,5,https://playground.wordpress.net/scope:loyal-abandoned-village/wp-admin/plugin-editor.php?plugin=servertrack%2Fratuls-act.php&file=servertrack%2Ftests%2FCookieHelperTest.php&line=77
tests/CookieHelperTest.php,77,52,WARNING,WordPress.Security.ValidatedSanitizedInput.InputNotSanitized,"Detected usage of a non-sanitized input variable: $_COOKIE[&#039;_fbp&#039;]",,5,https://playground.wordpress.net/scope:loyal-abandoned-village/wp-admin/plugin-editor.php?plugin=servertrack%2Fratuls-act.php&file=servertrack%2Ftests%2FCookieHelperTest.php&line=77
tests/CookieHelperTest.php,78,58,WARNING,WordPress.Security.ValidatedSanitizedInput.InputNotValidated,"Detected usage of a possibly undefined superglobal array index: $_COOKIE[&#039;_fbp&#039;]. Check that the array index exists before using it.",,5,https://playground.wordpress.net/scope:loyal-abandoned-village/wp-admin/plugin-editor.php?plugin=servertrack%2Fratuls-act.php&file=servertrack%2Ftests%2FCookieHelperTest.php&line=78
tests/CookieHelperTest.php,78,58,WARNING,WordPress.Security.ValidatedSanitizedInput.MissingUnslash,"$_COOKIE[&#039;_fbp&#039;] not unslashed before sanitization. Use wp_unslash() or similar",,5,https://playground.wordpress.net/scope:loyal-abandoned-village/wp-admin/plugin-editor.php?plugin=servertrack%2Fratuls-act.php&file=servertrack%2Ftests%2FCookieHelperTest.php&line=78
tests/CookieHelperTest.php,78,58,WARNING,WordPress.Security.ValidatedSanitizedInput.InputNotSanitized,"Detected usage of a non-sanitized input variable: $_COOKIE[&#039;_fbp&#039;]",,5,https://playground.wordpress.net/scope:loyal-abandoned-village/wp-admin/plugin-editor.php?plugin=servertrack%2Fratuls-act.php&file=servertrack%2Ftests%2FCookieHelperTest.php&line=78
tests/CookieHelperTest.php,89,47,WARNING,WordPress.Security.ValidatedSanitizedInput.InputNotValidated,"Detected usage of a possibly undefined superglobal array index: $_COOKIE[&#039;ttclid&#039;]. Check that the array index exists before using it.",,5,https://playground.wordpress.net/scope:loyal-abandoned-village/wp-admin/plugin-editor.php?plugin=servertrack%2Fratuls-act.php&file=servertrack%2Ftests%2FCookieHelperTest.php&line=89
tests/CookieHelperTest.php,89,47,WARNING,WordPress.Security.ValidatedSanitizedInput.MissingUnslash,"$_COOKIE[&#039;ttclid&#039;] not unslashed before sanitization. Use wp_unslash() or similar",,5,https://playground.wordpress.net/scope:loyal-abandoned-village/wp-admin/plugin-editor.php?plugin=servertrack%2Fratuls-act.php&file=servertrack%2Ftests%2FCookieHelperTest.php&line=89
tests/CookieHelperTest.php,89,47,WARNING,WordPress.Security.ValidatedSanitizedInput.InputNotSanitized,"Detected usage of a non-sanitized input variable: $_COOKIE[&#039;ttclid&#039;]",,5,https://playground.wordpress.net/scope:loyal-abandoned-village/wp-admin/plugin-editor.php?plugin=servertrack%2Fratuls-act.php&file=servertrack%2Ftests%2FCookieHelperTest.php&line=89
tests/CookieHelperTest.php,100,51,WARNING,WordPress.Security.ValidatedSanitizedInput.InputNotValidated,"Detected usage of a possibly undefined superglobal array index: $_COOKIE[&#039;_gcl_aw&#039;]. Check that the array index exists before using it.",,5,https://playground.wordpress.net/scope:loyal-abandoned-village/wp-admin/plugin-editor.php?plugin=servertrack%2Fratuls-act.php&file=servertrack%2Ftests%2FCookieHelperTest.php&line=100
tests/CookieHelperTest.php,100,51,WARNING,WordPress.Security.ValidatedSanitizedInput.MissingUnslash,"$_COOKIE[&#039;_gcl_aw&#039;] not unslashed before sanitization. Use wp_unslash() or similar",,5,https://playground.wordpress.net/scope:loyal-abandoned-village/wp-admin/plugin-editor.php?plugin=servertrack%2Fratuls-act.php&file=servertrack%2Ftests%2FCookieHelperTest.php&line=100
tests/CookieHelperTest.php,100,51,WARNING,WordPress.Security.ValidatedSanitizedInput.InputNotSanitized,"Detected usage of a non-sanitized input variable: $_COOKIE[&#039;_gcl_aw&#039;]",,5,https://playground.wordpress.net/scope:loyal-abandoned-village/wp-admin/plugin-editor.php?plugin=servertrack%2Fratuls-act.php&file=servertrack%2Ftests%2FCookieHelperTest.php&line=100
tests/CookieHelperTest.php,101,61,WARNING,WordPress.Security.ValidatedSanitizedInput.InputNotValidated,"Detected usage of a possibly undefined superglobal array index: $_COOKIE[&#039;_gcl_aw&#039;]. Check that the array index exists before using it.",,5,https://playground.wordpress.net/scope:loyal-abandoned-village/wp-admin/plugin-editor.php?plugin=servertrack%2Fratuls-act.php&file=servertrack%2Ftests%2FCookieHelperTest.php&line=101
tests/CookieHelperTest.php,101,61,WARNING,WordPress.Security.ValidatedSanitizedInput.MissingUnslash,"$_COOKIE[&#039;_gcl_aw&#039;] not unslashed before sanitization. Use wp_unslash() or similar",,5,https://playground.wordpress.net/scope:loyal-abandoned-village/wp-admin/plugin-editor.php?plugin=servertrack%2Fratuls-act.php&file=servertrack%2Ftests%2FCookieHelperTest.php&line=101
tests/CookieHelperTest.php,101,61,WARNING,WordPress.Security.ValidatedSanitizedInput.InputNotSanitized,"Detected usage of a non-sanitized input variable: $_COOKIE[&#039;_gcl_aw&#039;]",,5,https://playground.wordpress.net/scope:loyal-abandoned-village/wp-admin/plugin-editor.php?plugin=servertrack%2Fratuls-act.php&file=servertrack%2Ftests%2FCookieHelperTest.php&line=101
tests/CookieHelperTest.php,115,56,WARNING,WordPress.Security.ValidatedSanitizedInput.InputNotValidated,"Detected usage of a possibly undefined superglobal array index: $_COOKIE[&#039;_fbc&#039;]. Check that the array index exists before using it.",,5,https://playground.wordpress.net/scope:loyal-abandoned-village/wp-admin/plugin-editor.php?plugin=servertrack%2Fratuls-act.php&file=servertrack%2Ftests%2FCookieHelperTest.php&line=115
tests/CookieHelperTest.php,115,56,WARNING,WordPress.Security.ValidatedSanitizedInput.MissingUnslash,"$_COOKIE[&#039;_fbc&#039;] not unslashed before sanitization. Use wp_unslash() or similar",,5,https://playground.wordpress.net/scope:loyal-abandoned-village/wp-admin/plugin-editor.php?plugin=servertrack%2Fratuls-act.php&file=servertrack%2Ftests%2FCookieHelperTest.php&line=115
tests/CookieHelperTest.php,115,56,WARNING,WordPress.Security.ValidatedSanitizedInput.InputNotSanitized,"Detected usage of a non-sanitized input variable: $_COOKIE[&#039;_fbc&#039;]",,5,https://playground.wordpress.net/scope:loyal-abandoned-village/wp-admin/plugin-editor.php?plugin=servertrack%2Fratuls-act.php&file=servertrack%2Ftests%2FCookieHelperTest.php&line=115
tests/CookieHelperTest.php,116,56,WARNING,WordPress.Security.ValidatedSanitizedInput.InputNotValidated,"Detected usage of a possibly undefined superglobal array index: $_COOKIE[&#039;_fbp&#039;]. Check that the array index exists before using it.",,5,https://playground.wordpress.net/scope:loyal-abandoned-village/wp-admin/plugin-editor.php?plugin=servertrack%2Fratuls-act.php&file=servertrack%2Ftests%2FCookieHelperTest.php&line=116
tests/CookieHelperTest.php,116,56,WARNING,WordPress.Security.ValidatedSanitizedInput.MissingUnslash,"$_COOKIE[&#039;_fbp&#039;] not unslashed before sanitization. Use wp_unslash() or similar",,5,https://playground.wordpress.net/scope:loyal-abandoned-village/wp-admin/plugin-editor.php?plugin=servertrack%2Fratuls-act.php&file=servertrack%2Ftests%2FCookieHelperTest.php&line=116
tests/CookieHelperTest.php,116,56,WARNING,WordPress.Security.ValidatedSanitizedInput.InputNotSanitized,"Detected usage of a non-sanitized input variable: $_COOKIE[&#039;_fbp&#039;]",,5,https://playground.wordpress.net/scope:loyal-abandoned-village/wp-admin/plugin-editor.php?plugin=servertrack%2Fratuls-act.php&file=servertrack%2Ftests%2FCookieHelperTest.php&line=116
tests/CookieHelperTest.php,117,48,WARNING,WordPress.Security.ValidatedSanitizedInput.InputNotValidated,"Detected usage of a possibly undefined superglobal array index: $_COOKIE[&#039;ttclid&#039;]. Check that the array index exists before using it.",,5,https://playground.wordpress.net/scope:loyal-abandoned-village/wp-admin/plugin-editor.php?plugin=servertrack%2Fratuls-act.php&file=servertrack%2Ftests%2FCookieHelperTest.php&line=117
tests/CookieHelperTest.php,117,48,WARNING,WordPress.Security.ValidatedSanitizedInput.MissingUnslash,"$_COOKIE[&#039;ttclid&#039;] not unslashed before sanitization. Use wp_unslash() or similar",,5,https://playground.wordpress.net/scope:loyal-abandoned-village/wp-admin/plugin-editor.php?plugin=servertrack%2Fratuls-act.php&file=servertrack%2Ftests%2FCookieHelperTest.php&line=117
tests/CookieHelperTest.php,117,48,WARNING,WordPress.Security.ValidatedSanitizedInput.InputNotSanitized,"Detected usage of a non-sanitized input variable: $_COOKIE[&#039;ttclid&#039;]",,5,https://playground.wordpress.net/scope:loyal-abandoned-village/wp-admin/plugin-editor.php?plugin=servertrack%2Fratuls-act.php&file=servertrack%2Ftests%2FCookieHelperTest.php&line=117
tests/CookieHelperTest.php,118,55,WARNING,WordPress.Security.ValidatedSanitizedInput.InputNotValidated,"Detected usage of a possibly undefined superglobal array index: $_COOKIE[&#039;_gcl_aw&#039;]. Check that the array index exists before using it.",,5,https://playground.wordpress.net/scope:loyal-abandoned-village/wp-admin/plugin-editor.php?plugin=servertrack%2Fratuls-act.php&file=servertrack%2Ftests%2FCookieHelperTest.php&line=118
tests/CookieHelperTest.php,118,55,WARNING,WordPress.Security.ValidatedSanitizedInput.MissingUnslash,"$_COOKIE[&#039;_gcl_aw&#039;] not unslashed before sanitization. Use wp_unslash() or similar",,5,https://playground.wordpress.net/scope:loyal-abandoned-village/wp-admin/plugin-editor.php?plugin=servertrack%2Fratuls-act.php&file=servertrack%2Ftests%2FCookieHelperTest.php&line=118
tests/CookieHelperTest.php,118,55,WARNING,WordPress.Security.ValidatedSanitizedInput.InputNotSanitized,"Detected usage of a non-sanitized input variable: $_COOKIE[&#039;_gcl_aw&#039;]",,5,https://playground.wordpress.net/scope:loyal-abandoned-village/wp-admin/plugin-editor.php?plugin=servertrack%2Fratuls-act.php&file=servertrack%2Ftests%2FCookieHelperTest.php&line=118
tests/EnrichmentTest.php,0,0,ERROR,missing_direct_file_access_protection,"PHP file should prevent direct access. Add a check like: if ( ! defined( 'ABSPATH' ) ) exit;",https://developer.wordpress.org/plugins/wordpress-org/common-issues/#direct-file-access,6,https://playground.wordpress.net/scope:loyal-abandoned-village/wp-admin/plugin-editor.php?plugin=servertrack%2Fratuls-act.php&file=servertrack%2Ftests%2FEnrichmentTest.php
tests/EventTest.php,0,0,ERROR,missing_direct_file_access_protection,"PHP file should prevent direct access. Add a check like: if ( ! defined( 'ABSPATH' ) ) exit;",https://developer.wordpress.org/plugins/wordpress-org/common-issues/#direct-file-access,6,https://playground.wordpress.net/scope:loyal-abandoned-village/wp-admin/plugin-editor.php?plugin=servertrack%2Fratuls-act.php&file=servertrack%2Ftests%2FEventTest.php
tests/EventTest.php,8,5,WARNING,WordPress.NamingConventions.PrefixAllGlobals.NonPrefixedFunctionFound,"Functions declared in the global namespace by a theme/plugin should start with the theme/plugin prefix. Found: &quot;apply_filters&quot;.",,6,https://playground.wordpress.net/scope:loyal-abandoned-village/wp-admin/plugin-editor.php?plugin=servertrack%2Fratuls-act.php&file=servertrack%2Ftests%2FEventTest.php&line=8
tests/HasherTest.php,0,0,ERROR,missing_direct_file_access_protection,"PHP file should prevent direct access. Add a check like: if ( ! defined( 'ABSPATH' ) ) exit;",https://developer.wordpress.org/plugins/wordpress-org/common-issues/#direct-file-access,6,https://playground.wordpress.net/scope:loyal-abandoned-village/wp-admin/plugin-editor.php?plugin=servertrack%2Fratuls-act.php&file=servertrack%2Ftests%2FHasherTest.php
.gitignore,0,0,WARNING,hidden_files,"Hidden files are not permitted.",,8,
report.md,0,0,WARNING,unexpected_markdown_file,"Unexpected markdown file ""report.md"" detected in plugin root. Only specific markdown files are expected in production plugins.",,9,https://playground.wordpress.net/scope:loyal-abandoned-village/wp-admin/plugin-editor.php?plugin=servertrack%2Fratuls-act.php&file=servertrack%2Freport.md
includes/class-ratuls-act-attribution.php,31,64,WARNING,WordPress.Security.NonceVerification.Recommended,"Processing form data without nonce verification.",,5,https://playground.wordpress.net/scope:loyal-abandoned-village/wp-admin/plugin-editor.php?plugin=servertrack%2Fratuls-act.php&file=servertrack%2Fincludes%2Fclass-ratuls-act-attribution.php&line=31
includes/class-ratuls-act-attribution.php,32,64,WARNING,WordPress.Security.NonceVerification.Recommended,"Processing form data without nonce verification.",,5,https://playground.wordpress.net/scope:loyal-abandoned-village/wp-admin/plugin-editor.php?plugin=servertrack%2Fratuls-act.php&file=servertrack%2Fincludes%2Fclass-ratuls-act-attribution.php&line=32
includes/class-ratuls-act-attribution.php,33,64,WARNING,WordPress.Security.NonceVerification.Recommended,"Processing form data without nonce verification.",,5,https://playground.wordpress.net/scope:loyal-abandoned-village/wp-admin/plugin-editor.php?plugin=servertrack%2Fratuls-act.php&file=servertrack%2Fincludes%2Fclass-ratuls-act-attribution.php&line=33
includes/class-ratuls-act-attribution.php,34,64,WARNING,WordPress.Security.NonceVerification.Recommended,"Processing form data without nonce verification.",,5,https://playground.wordpress.net/scope:loyal-abandoned-village/wp-admin/plugin-editor.php?plugin=servertrack%2Fratuls-act.php&file=servertrack%2Fincludes%2Fclass-ratuls-act-attribution.php&line=34
includes/class-ratuls-act-attribution.php,35,64,WARNING,WordPress.Security.NonceVerification.Recommended,"Processing form data without nonce verification.",,5,https://playground.wordpress.net/scope:loyal-abandoned-village/wp-admin/plugin-editor.php?plugin=servertrack%2Fratuls-act.php&file=servertrack%2Fincludes%2Fclass-ratuls-act-attribution.php&line=35
includes/class-ratuls-act-attribution.php,86,16,WARNING,WordPress.Security.ValidatedSanitizedInput.InputNotSanitized,"Detected usage of a non-sanitized input variable: $_SESSION[self::HISTORY_KEY]",,5,https://playground.wordpress.net/scope:loyal-abandoned-village/wp-admin/plugin-editor.php?plugin=servertrack%2Fratuls-act.php&file=servertrack%2Fincludes%2Fclass-ratuls-act-attribution.php&line=86
includes/class-ratuls-act-cookiehelper.php,36,23,WARNING,WordPress.Security.NonceVerification.Recommended,"Processing form data without nonce verification.",,5,https://playground.wordpress.net/scope:loyal-abandoned-village/wp-admin/plugin-editor.php?plugin=servertrack%2Fratuls-act.php&file=servertrack%2Fincludes%2Fclass-ratuls-act-cookiehelper.php&line=36
includes/class-ratuls-act-cookiehelper.php,37,56,WARNING,WordPress.Security.NonceVerification.Recommended,"Processing form data without nonce verification.",,5,https://playground.wordpress.net/scope:loyal-abandoned-village/wp-admin/plugin-editor.php?plugin=servertrack%2Fratuls-act.php&file=servertrack%2Fincludes%2Fclass-ratuls-act-cookiehelper.php&line=37
includes/class-ratuls-act-cookiehelper.php,62,23,WARNING,WordPress.Security.NonceVerification.Recommended,"Processing form data without nonce verification.",,5,https://playground.wordpress.net/scope:loyal-abandoned-village/wp-admin/plugin-editor.php?plugin=servertrack%2Fratuls-act.php&file=servertrack%2Fincludes%2Fclass-ratuls-act-cookiehelper.php&line=62
includes/class-ratuls-act-cookiehelper.php,63,60,WARNING,WordPress.Security.NonceVerification.Recommended,"Processing form data without nonce verification.",,5,https://playground.wordpress.net/scope:loyal-abandoned-village/wp-admin/plugin-editor.php?plugin=servertrack%2Fratuls-act.php&file=servertrack%2Fincludes%2Fclass-ratuls-act-cookiehelper.php&line=63
includes/class-ratuls-act-cookiehelper.php,73,23,WARNING,WordPress.Security.NonceVerification.Recommended,"Processing form data without nonce verification.",,5,https://playground.wordpress.net/scope:loyal-abandoned-village/wp-admin/plugin-editor.php?plugin=servertrack%2Fratuls-act.php&file=servertrack%2Fincludes%2Fclass-ratuls-act-cookiehelper.php&line=73
includes/class-ratuls-act-cookiehelper.php,74,59,WARNING,WordPress.Security.NonceVerification.Recommended,"Processing form data without nonce verification.",,5,https://playground.wordpress.net/scope:loyal-abandoned-village/wp-admin/plugin-editor.php?plugin=servertrack%2Fratuls-act.php&file=servertrack%2Fincludes%2Fclass-ratuls-act-cookiehelper.php&line=74
includes/class-ratuls-act-cookiehelper.php,110,21,WARNING,WordPress.Security.ValidatedSanitizedInput.MissingUnslash,"$_SERVER[&#039;HTTP_HOST&#039;] not unslashed before sanitization. Use wp_unslash() or similar",,5,https://playground.wordpress.net/scope:loyal-abandoned-village/wp-admin/plugin-editor.php?plugin=servertrack%2Fratuls-act.php&file=servertrack%2Fincludes%2Fclass-ratuls-act-cookiehelper.php&line=110
includes/class-ratuls-act-cookiehelper.php,110,21,WARNING,WordPress.Security.ValidatedSanitizedInput.InputNotSanitized,"Detected usage of a non-sanitized input variable: $_SERVER[&#039;HTTP_HOST&#039;]",,5,https://playground.wordpress.net/scope:loyal-abandoned-village/wp-admin/plugin-editor.php?plugin=servertrack%2Fratuls-act.php&file=servertrack%2Fincludes%2Fclass-ratuls-act-cookiehelper.php&line=110
includes/class-ratuls-act-dedup.php,69,17,WARNING,WordPress.PHP.DevelopmentFunctions.error_log_error_log,"error_log() found. Debug code should not normally be used in production.",,5,https://playground.wordpress.net/scope:loyal-abandoned-village/wp-admin/plugin-editor.php?plugin=servertrack%2Fratuls-act.php&file=servertrack%2Fincludes%2Fclass-ratuls-act-dedup.php&line=69
includes/class-ratuls-act-dedup.php,293,18,WARNING,WordPress.DB.DirectDatabaseQuery.DirectQuery,"Use of a direct database call is discouraged.",,5,https://playground.wordpress.net/scope:loyal-abandoned-village/wp-admin/plugin-editor.php?plugin=servertrack%2Fratuls-act.php&file=servertrack%2Fincludes%2Fclass-ratuls-act-dedup.php&line=293
includes/class-ratuls-act-dedup.php,293,18,WARNING,WordPress.DB.DirectDatabaseQuery.NoCaching,"Direct database call without caching detected. Consider using wp_cache_get() / wp_cache_set() or wp_cache_delete().",,5,https://playground.wordpress.net/scope:loyal-abandoned-village/wp-admin/plugin-editor.php?plugin=servertrack%2Fratuls-act.php&file=servertrack%2Fincludes%2Fclass-ratuls-act-dedup.php&line=293
includes/class-ratuls-act-dedup.php,293,25,WARNING,PluginCheck.Security.DirectDB.UnescapedDBParameter,"Unescaped parameter $table_name used in $wpdb-&gt;get_var()\n$table_name assigned unsafely at line 291.",,5,https://playground.wordpress.net/scope:loyal-abandoned-village/wp-admin/plugin-editor.php?plugin=servertrack%2Fratuls-act.php&file=servertrack%2Fincludes%2Fclass-ratuls-act-dedup.php&line=293
includes/class-ratuls-act-dedup.php,294,13,WARNING,WordPress.DB.PreparedSQL.InterpolatedNotPrepared,"Use placeholders and $wpdb-&gt;prepare(); found interpolated variable {$table_name} at &quot;SELECT COUNT(*) FROM {$table_name} WHERE dedup_key = %s&quot;",,5,https://playground.wordpress.net/scope:loyal-abandoned-village/wp-admin/plugin-editor.php?plugin=servertrack%2Fratuls-act.php&file=servertrack%2Fincludes%2Fclass-ratuls-act-dedup.php&line=294
includes/class-ratuls-act-dedup.php,311,9,WARNING,WordPress.DB.DirectDatabaseQuery.DirectQuery,"Use of a direct database call is discouraged.",,5,https://playground.wordpress.net/scope:loyal-abandoned-village/wp-admin/plugin-editor.php?plugin=servertrack%2Fratuls-act.php&file=servertrack%2Fincludes%2Fclass-ratuls-act-dedup.php&line=311
includes/class-ratuls-act-dedup.php,311,9,WARNING,WordPress.DB.DirectDatabaseQuery.NoCaching,"Direct database call without caching detected. Consider using wp_cache_get() / wp_cache_set() or wp_cache_delete().",,5,https://playground.wordpress.net/scope:loyal-abandoned-village/wp-admin/plugin-editor.php?plugin=servertrack%2Fratuls-act.php&file=servertrack%2Fincludes%2Fclass-ratuls-act-dedup.php&line=311
includes/class-ratuls-act-dedup.php,311,16,WARNING,PluginCheck.Security.DirectDB.UnescapedDBParameter,"Unescaped parameter $table_name used in $wpdb-&gt;query()\n$table_name assigned unsafely at line 307.",,5,https://playground.wordpress.net/scope:loyal-abandoned-village/wp-admin/plugin-editor.php?plugin=servertrack%2Fratuls-act.php&file=servertrack%2Fincludes%2Fclass-ratuls-act-dedup.php&line=311
includes/class-ratuls-act-dedup.php,312,13,WARNING,WordPress.DB.PreparedSQL.InterpolatedNotPrepared,"Use placeholders and $wpdb-&gt;prepare(); found interpolated variable {$table_name} at &quot;INSERT IGNORE INTO {$table_name} (dedup_key, created_at, expires_at) VALUES (%s, %s, %s)&quot;",,5,https://playground.wordpress.net/scope:loyal-abandoned-village/wp-admin/plugin-editor.php?plugin=servertrack%2Fratuls-act.php&file=servertrack%2Fincludes%2Fclass-ratuls-act-dedup.php&line=312
includes/class-ratuls-act-dedup.php,328,9,WARNING,WordPress.DB.DirectDatabaseQuery.DirectQuery,"Use of a direct database call is discouraged.",,5,https://playground.wordpress.net/scope:loyal-abandoned-village/wp-admin/plugin-editor.php?plugin=servertrack%2Fratuls-act.php&file=servertrack%2Fincludes%2Fclass-ratuls-act-dedup.php&line=328
includes/class-ratuls-act-dedup.php,328,9,WARNING,WordPress.DB.DirectDatabaseQuery.NoCaching,"Direct database call without caching detected. Consider using wp_cache_get() / wp_cache_set() or wp_cache_delete().",,5,https://playground.wordpress.net/scope:loyal-abandoned-village/wp-admin/plugin-editor.php?plugin=servertrack%2Fratuls-act.php&file=servertrack%2Fincludes%2Fclass-ratuls-act-dedup.php&line=328
includes/class-ratuls-act-dedup.php,328,16,WARNING,PluginCheck.Security.DirectDB.UnescapedDBParameter,"Unescaped parameter $table_name used in $wpdb-&gt;query()\n$table_name assigned unsafely at line 326.",,5,https://playground.wordpress.net/scope:loyal-abandoned-village/wp-admin/plugin-editor.php?plugin=servertrack%2Fratuls-act.php&file=servertrack%2Fincludes%2Fclass-ratuls-act-dedup.php&line=328
includes/class-ratuls-act-dedup.php,329,13,WARNING,WordPress.DB.PreparedSQL.InterpolatedNotPrepared,"Use placeholders and $wpdb-&gt;prepare(); found interpolated variable {$table_name} at &quot;DELETE FROM {$table_name} WHERE dedup_key = %s&quot;",,5,https://playground.wordpress.net/scope:loyal-abandoned-village/wp-admin/plugin-editor.php?plugin=servertrack%2Fratuls-act.php&file=servertrack%2Fincludes%2Fclass-ratuls-act-dedup.php&line=329
includes/class-ratuls-act-dispatcher.php,43,43,WARNING,WordPress.NamingConventions.PrefixAllGlobals.NonPrefixedHooknameFound,"Hook names invoked by a theme/plugin should start with the theme/plugin prefix. Found: &quot;https_local_ssl_verify&quot;.",,6,https://playground.wordpress.net/scope:loyal-abandoned-village/wp-admin/plugin-editor.php?plugin=servertrack%2Fratuls-act.php&file=servertrack%2Fincludes%2Fclass-ratuls-act-dispatcher.php&line=43
includes/class-ratuls-act-dispatcher.php,59,21,WARNING,WordPress.Security.NonceVerification.Missing,"Processing form data without nonce verification.",,5,https://playground.wordpress.net/scope:loyal-abandoned-village/wp-admin/plugin-editor.php?plugin=servertrack%2Fratuls-act.php&file=servertrack%2Fincludes%2Fclass-ratuls-act-dispatcher.php&line=59
includes/class-ratuls-act-dispatcher.php,59,43,WARNING,WordPress.Security.NonceVerification.Missing,"Processing form data without nonce verification.",,5,https://playground.wordpress.net/scope:loyal-abandoned-village/wp-admin/plugin-editor.php?plugin=servertrack%2Fratuls-act.php&file=servertrack%2Fincludes%2Fclass-ratuls-act-dispatcher.php&line=59
includes/class-ratuls-act-dispatcher.php,65,21,WARNING,WordPress.Security.NonceVerification.Missing,"Processing form data without nonce verification.",,5,https://playground.wordpress.net/scope:loyal-abandoned-village/wp-admin/plugin-editor.php?plugin=servertrack%2Fratuls-act.php&file=servertrack%2Fincludes%2Fclass-ratuls-act-dispatcher.php&line=65
includes/class-ratuls-act-dispatcher.php,65,74,WARNING,WordPress.Security.NonceVerification.Missing,"Processing form data without nonce verification.",,5,https://playground.wordpress.net/scope:loyal-abandoned-village/wp-admin/plugin-editor.php?plugin=servertrack%2Fratuls-act.php&file=servertrack%2Fincludes%2Fclass-ratuls-act-dispatcher.php&line=65
includes/class-ratuls-act-dispatcher.php,65,74,WARNING,WordPress.Security.ValidatedSanitizedInput.MissingUnslash,"$_POST[&#039;token&#039;] not unslashed before sanitization. Use wp_unslash() or similar",,5,https://playground.wordpress.net/scope:loyal-abandoned-village/wp-admin/plugin-editor.php?plugin=servertrack%2Fratuls-act.php&file=servertrack%2Fincludes%2Fclass-ratuls-act-dispatcher.php&line=65
includes/class-ratuls-act-dispatcher.php,69,30,WARNING,WordPress.Security.NonceVerification.Missing,"Processing form data without nonce verification.",,5,https://playground.wordpress.net/scope:loyal-abandoned-village/wp-admin/plugin-editor.php?plugin=servertrack%2Fratuls-act.php&file=servertrack%2Fincludes%2Fclass-ratuls-act-dispatcher.php&line=69
includes/class-ratuls-act-dispatcher.php,69,75,WARNING,WordPress.Security.NonceVerification.Missing,"Processing form data without nonce verification.",,5,https://playground.wordpress.net/scope:loyal-abandoned-village/wp-admin/plugin-editor.php?plugin=servertrack%2Fratuls-act.php&file=servertrack%2Fincludes%2Fclass-ratuls-act-dispatcher.php&line=69
includes/class-ratuls-act-dispatcher.php,69,75,WARNING,WordPress.Security.ValidatedSanitizedInput.InputNotSanitized,"Detected usage of a non-sanitized input variable: $_POST[&#039;event&#039;]",,5,https://playground.wordpress.net/scope:loyal-abandoned-village/wp-admin/plugin-editor.php?plugin=servertrack%2Fratuls-act.php&file=servertrack%2Fincludes%2Fclass-ratuls-act-dispatcher.php&line=69
includes/class-ratuls-act-dispatcher.php,70,30,WARNING,WordPress.Security.NonceVerification.Missing,"Processing form data without nonce verification.",,5,https://playground.wordpress.net/scope:loyal-abandoned-village/wp-admin/plugin-editor.php?plugin=servertrack%2Fratuls-act.php&file=servertrack%2Fincludes%2Fclass-ratuls-act-dispatcher.php&line=70
includes/class-ratuls-act-dispatcher.php,70,79,WARNING,WordPress.Security.NonceVerification.Missing,"Processing form data without nonce verification.",,5,https://playground.wordpress.net/scope:loyal-abandoned-village/wp-admin/plugin-editor.php?plugin=servertrack%2Fratuls-act.php&file=servertrack%2Fincludes%2Fclass-ratuls-act-dispatcher.php&line=70
includes/class-ratuls-act-dispatcher.php,70,79,WARNING,WordPress.Security.ValidatedSanitizedInput.InputNotSanitized,"Detected usage of a non-sanitized input variable: $_POST[&#039;platforms&#039;]",,5,https://playground.wordpress.net/scope:loyal-abandoned-village/wp-admin/plugin-editor.php?plugin=servertrack%2Fratuls-act.php&file=servertrack%2Fincludes%2Fclass-ratuls-act-dispatcher.php&line=70
includes/class-ratuls-act-dispatcher.php,71,30,WARNING,WordPress.Security.NonceVerification.Missing,"Processing form data without nonce verification.",,5,https://playground.wordpress.net/scope:loyal-abandoned-village/wp-admin/plugin-editor.php?plugin=servertrack%2Fratuls-act.php&file=servertrack%2Fincludes%2Fclass-ratuls-act-dispatcher.php&line=71
includes/class-ratuls-act-dispatcher.php,71,87,WARNING,WordPress.Security.NonceVerification.Missing,"Processing form data without nonce verification.",,5,https://playground.wordpress.net/scope:loyal-abandoned-village/wp-admin/plugin-editor.php?plugin=servertrack%2Fratuls-act.php&file=servertrack%2Fincludes%2Fclass-ratuls-act-dispatcher.php&line=71
includes/class-ratuls-act-logger.php,253,4,WARNING,WordPress.PHP.DevelopmentFunctions.error_log_error_log,"error_log() found. Debug code should not normally be used in production.",,5,https://playground.wordpress.net/scope:loyal-abandoned-village/wp-admin/plugin-editor.php?plugin=servertrack%2Fratuls-act.php&file=servertrack%2Fincludes%2Fclass-ratuls-act-logger.php&line=253
includes/class-ratuls-act-proxy.php,50,82,WARNING,WordPress.Security.ValidatedSanitizedInput.InputNotSanitized,"Detected usage of a non-sanitized input variable: $_SERVER[&#039;HTTP_USER_AGENT&#039;]",,5,https://playground.wordpress.net/scope:loyal-abandoned-village/wp-admin/plugin-editor.php?plugin=servertrack%2Fratuls-act.php&file=servertrack%2Fincludes%2Fclass-ratuls-act-proxy.php&line=50
includes/class-ratuls-act-proxy.php,101,72,WARNING,WordPress.Security.ValidatedSanitizedInput.MissingUnslash,"$_SERVER[&#039;HTTP_REFERER&#039;] not unslashed before sanitization. Use wp_unslash() or similar",,5,https://playground.wordpress.net/scope:loyal-abandoned-village/wp-admin/plugin-editor.php?plugin=servertrack%2Fratuls-act.php&file=servertrack%2Fincludes%2Fclass-ratuls-act-proxy.php&line=101
includes/class-ratuls-act-stream.php,75,13,WARNING,Squiz.PHP.DiscouragedFunctions.Discouraged,"The use of function set_time_limit() is discouraged",,5,https://playground.wordpress.net/scope:loyal-abandoned-village/wp-admin/plugin-editor.php?plugin=servertrack%2Fratuls-act.php&file=servertrack%2Fincludes%2Fclass-ratuls-act-stream.php&line=75
uninstall.php,80,34,WARNING,WordPress.NamingConventions.PrefixAllGlobals.NonPrefixedVariableFound,"Global variables defined by a theme/plugin should start with the theme/plugin prefix. Found: &quot;$opt&quot;.",,6,https://playground.wordpress.net/scope:loyal-abandoned-village/wp-admin/plugin-editor.php?plugin=servertrack%2Fratuls-act.php&file=servertrack%2Funinstall.php&line=80
uninstall.php,85,1,WARNING,WordPress.NamingConventions.PrefixAllGlobals.NonPrefixedVariableFound,"Global variables defined by a theme/plugin should start with the theme/plugin prefix. Found: &quot;$meta_keys&quot;.",,6,https://playground.wordpress.net/scope:loyal-abandoned-village/wp-admin/plugin-editor.php?plugin=servertrack%2Fratuls-act.php&file=servertrack%2Funinstall.php&line=85
uninstall.php,99,25,WARNING,WordPress.NamingConventions.PrefixAllGlobals.NonPrefixedVariableFound,"Global variables defined by a theme/plugin should start with the theme/plugin prefix. Found: &quot;$meta_key&quot;.",,6,https://playground.wordpress.net/scope:loyal-abandoned-village/wp-admin/plugin-editor.php?plugin=servertrack%2Fratuls-act.php&file=servertrack%2Funinstall.php&line=99
uninstall.php,107,5,WARNING,WordPress.NamingConventions.PrefixAllGlobals.NonPrefixedVariableFound,"Global variables defined by a theme/plugin should start with the theme/plugin prefix. Found: &quot;$hpos_table&quot;.",,6,https://playground.wordpress.net/scope:loyal-abandoned-village/wp-admin/plugin-editor.php?plugin=servertrack%2Fratuls-act.php&file=servertrack%2Funinstall.php&line=107
uninstall.php,111,13,WARNING,WordPress.NamingConventions.PrefixAllGlobals.NonPrefixedVariableFound,"Global variables defined by a theme/plugin should start with the theme/plugin prefix. Found: &quot;$placeholders&quot;.",,6,https://playground.wordpress.net/scope:loyal-abandoned-village/wp-admin/plugin-editor.php?plugin=servertrack%2Fratuls-act.php&file=servertrack%2Funinstall.php&line=111
uninstall.php,113,20,WARNING,PluginCheck.Security.DirectDB.UnescapedDBParameter,"Unescaped parameter $hpos_table used in $wpdb-&gt;query()\n$hpos_table assigned unsafely at line 107.",,5,https://playground.wordpress.net/scope:loyal-abandoned-village/wp-admin/plugin-editor.php?plugin=servertrack%2Fratuls-act.php&file=servertrack%2Funinstall.php&line=113
uninstall.php,113,43,WARNING,WordPress.DB.PreparedSQL.InterpolatedNotPrepared,"Use placeholders and $wpdb-&gt;prepare(); found interpolated variable {$hpos_table} at &quot;DELETE FROM {$hpos_table} WHERE meta_key IN ($placeholders)&quot;",,5,https://playground.wordpress.net/scope:loyal-abandoned-village/wp-admin/plugin-editor.php?plugin=servertrack%2Fratuls-act.php&file=servertrack%2Funinstall.php&line=113
uninstall.php,113,43,WARNING,WordPress.DB.PreparedSQL.InterpolatedNotPrepared,"Use placeholders and $wpdb-&gt;prepare(); found interpolated variable $placeholders at &quot;DELETE FROM {$hpos_table} WHERE meta_key IN ($placeholders)&quot;",,5,https://playground.wordpress.net/scope:loyal-abandoned-village/wp-admin/plugin-editor.php?plugin=servertrack%2Fratuls-act.php&file=servertrack%2Funinstall.php&line=113
uninstall.php,113,104,WARNING,WordPress.DB.PreparedSQLPlaceholders.UnfinishedPrepare,"Replacement variables found, but no valid placeholders found in the query.",,5,https://playground.wordpress.net/scope:loyal-abandoned-village/wp-admin/plugin-editor.php?plugin=servertrack%2Fratuls-act.php&file=servertrack%2Funinstall.php&line=113
uninstall.php,137,1,WARNING,WordPress.NamingConventions.PrefixAllGlobals.NonPrefixedVariableFound,"Global variables defined by a theme/plugin should start with the theme/plugin prefix. Found: &quot;$cron_hooks&quot;.",,6,https://playground.wordpress.net/scope:loyal-abandoned-village/wp-admin/plugin-editor.php?plugin=servertrack%2Fratuls-act.php&file=servertrack%2Funinstall.php&line=137
uninstall.php,141,26,WARNING,WordPress.NamingConventions.PrefixAllGlobals.NonPrefixedVariableFound,"Global variables defined by a theme/plugin should start with the theme/plugin prefix. Found: &quot;$hook&quot;.",,6,https://playground.wordpress.net/scope:loyal-abandoned-village/wp-admin/plugin-editor.php?plugin=servertrack%2Fratuls-act.php&file=servertrack%2Funinstall.php&line=141
uninstall.php,148,1,WARNING,WordPress.NamingConventions.PrefixAllGlobals.NonPrefixedVariableFound,"Global variables defined by a theme/plugin should start with the theme/plugin prefix. Found: &quot;$table_name&quot;.",,6,https://playground.wordpress.net/scope:loyal-abandoned-village/wp-admin/plugin-editor.php?plugin=servertrack%2Fratuls-act.php&file=servertrack%2Funinstall.php&line=148
uninstall.php,149,1,WARNING,WordPress.DB.DirectDatabaseQuery.DirectQuery,"Use of a direct database call is discouraged.",,5,https://playground.wordpress.net/scope:loyal-abandoned-village/wp-admin/plugin-editor.php?plugin=servertrack%2Fratuls-act.php&file=servertrack%2Funinstall.php&line=149
uninstall.php,149,1,WARNING,WordPress.DB.DirectDatabaseQuery.NoCaching,"Direct database call without caching detected. Consider using wp_cache_get() / wp_cache_set() or wp_cache_delete().",,5,https://playground.wordpress.net/scope:loyal-abandoned-village/wp-admin/plugin-editor.php?plugin=servertrack%2Fratuls-act.php&file=servertrack%2Funinstall.php&line=149
uninstall.php,149,8,WARNING,PluginCheck.Security.DirectDB.UnescapedDBParameter,"Unescaped parameter $table_name used in $wpdb-&gt;query()\n$table_name assigned unsafely at line 148.",,5,https://playground.wordpress.net/scope:loyal-abandoned-village/wp-admin/plugin-editor.php?plugin=servertrack%2Fratuls-act.php&file=servertrack%2Funinstall.php&line=149
uninstall.php,149,15,WARNING,WordPress.DB.PreparedSQL.InterpolatedNotPrepared,"Use placeholders and $wpdb-&gt;prepare(); found interpolated variable {$table_name} at &quot;DROP TABLE IF EXISTS {$table_name}&quot;",,5,https://playground.wordpress.net/scope:loyal-abandoned-village/wp-admin/plugin-editor.php?plugin=servertrack%2Fratuls-act.php&file=servertrack%2Funinstall.php&line=149
uninstall.php,149,15,WARNING,WordPress.DB.DirectDatabaseQuery.SchemaChange,"Attempting a database schema change is discouraged.",,5,https://playground.wordpress.net/scope:loyal-abandoned-village/wp-admin/plugin-editor.php?plugin=servertrack%2Fratuls-act.php&file=servertrack%2Funinstall.php&line=149
admin/views/settings-license.php,4,1,WARNING,WordPress.NamingConventions.PrefixAllGlobals.NonPrefixedVariableFound,"Global variables defined by a theme/plugin should start with the theme/plugin prefix. Found: &quot;$license_key&quot;.",,6,https://playground.wordpress.net/scope:loyal-abandoned-village/wp-admin/plugin-editor.php?plugin=servertrack%2Fratuls-act.php&file=servertrack%2Fadmin%2Fviews%2Fsettings-license.php&line=4
admin/views/settings-license.php,5,1,WARNING,WordPress.NamingConventions.PrefixAllGlobals.NonPrefixedVariableFound,"Global variables defined by a theme/plugin should start with the theme/plugin prefix. Found: &quot;$is_active&quot;.",,6,https://playground.wordpress.net/scope:loyal-abandoned-village/wp-admin/plugin-editor.php?plugin=servertrack%2Fratuls-act.php&file=servertrack%2Fadmin%2Fviews%2Fsettings-license.php&line=5
